url,user,message,hashtags,time,longitude,latitude,country,state,state_initial
https://twitter.com/ikjunoon_/status/452549417879367680,ikjunoon_,"RT @reemafarooqui: @farman0411 @ikjunoon_ hell yeah..truth has been spoken ghatiya aap jaise log gahtiya aap jaise logo ki thinking",none,"Sat Apr 05 20:52:43 +0000 2014",,,,,
https://twitter.com/sandhyabharat/status/452549424888029185,sandhyabharat,"@dhaval241086 aap bade influential bande ho mujh garib ko follow karne ke liye thanku",none,"Sat Apr 05 20:52:45 +0000 2014",,,,,
https://twitter.com/lalitgowadi/status/452549481838706688,lalitgowadi,"@DrSatvikPatel @kumarshashwat97 sanskar to jaise aap ke paas hi ho",none,"Sat Apr 05 20:52:59 +0000 2014",,,,,
https://twitter.com/aarti_24/status/452549490658914304,aarti_24,"RT @mithelesh: Aur sazaa aap se hi mili.... @IMRahul_sharma: @mithelesh hamara kasur tha aapko chahna",none,"Sat Apr 05 20:53:01 +0000 2014",,,,,
https://twitter.com/subhadi123/status/452549518429409280,subhadi123,"@R_Kuchhuu @KushalT2803 @GAUAHAR_KHAN  babu bhai aap ab so jao.aaj apna rockstar kushal bahut khush hain.gau mam wapas aa rahi hain na",none,"Sat Apr 05 20:53:07 +0000 2014",,,,,
https://twitter.com/ThakurUmesh24/status/452549537450582017,ThakurUmesh24,"@PathanAsmakhan @nanditathhakur @narendramodi  aap aage bardo hum aapke saath hain",none,"Sat Apr 05 20:53:12 +0000 2014",151.20708536,-33.8779345,,,
https://twitter.com/JCK_238/status/452549574964830208,JCK_238,"jsavai aap",none,"Sat Apr 05 20:53:21 +0000 2014",,,,,
https://twitter.com/drhouse00/status/452549681776975874,drhouse00,"@Live_Love_haha oho aap to serious hi le gayi hain",none,"Sat Apr 05 20:53:46 +0000 2014",,,,,
https://twitter.com/justicearnab/status/452549716568330240,justicearnab,"@RoflGandhi_ kahe ke mukhiya.. Mukhiya ko AAP wale ek bhi rupiya nahi de rahe hai. ye pata hai aapko.",none,"Sat Apr 05 20:53:55 +0000 2014",,,,,
https://twitter.com/usmanaleem/status/452549880591179777,usmanaleem,"@RayfSwan aap tou najaiz gee gum ho gae hio",none,"Sat Apr 05 20:54:34 +0000 2014",,,,,
https://twitter.com/nothanks91/status/452549882239528962,nothanks91,"@Mudassar_A_Khan @AbrarUlHaqPK sir aap itnay zor o shor say ccna ki tiyari kar rahe hein,  kaisey disturb karta :P",none,"Sat Apr 05 20:54:34 +0000 2014",,,,,
https://twitter.com/sid_raina/status/452550003299328000,sid_raina,"RT @Teja_main_hun: PA: Sir aap daaru na piya karo! 
RaGa: kyun? kya hua?
PA: raat bhar mera hath pakad kr ""Shizuka! mere sath khelne chalog",none,"Sat Apr 05 20:55:03 +0000 2014",,,,,
https://twitter.com/baghlolian/status/452550117883932672,baghlolian,"@Bakhat_Nasr bhai main nay kia threat dena hay.is mulk main aap k pas identity hay to aap ... http://t.co/T7h7J0GtMt",none,"Sat Apr 05 20:55:30 +0000 2014",,,,,
https://twitter.com/rafatsiddiqui1/status/452550118093242369,rafatsiddiqui1,"@BeingSalmanKhan Chand, sach bahot khush hoon main k aap Bombay mein hain coz aap abroad  jaate hain toh mujhe bilkul achcha nahi lagta hai",none,"Sat Apr 05 20:55:30 +0000 2014",,,,,
https://twitter.com/shivi50/status/452550153258274816,shivi50,"@shyamrocker98  mera har vote ambani adani ko kyun ki wo kejriwal ki tarha bhagode nahi hai samjhe tum now iss baar modi sarkar..",none,"Sat Apr 05 20:55:39 +0000 2014",,,,,
https://twitter.com/Alirazaqasmi/status/452550188532781056,Alirazaqasmi,"Lala #splice kab ana ha mje milna ha ap se kaafi der hoo gae aap se mile plzzz tell ab guzara ni hoo raha plzz plzzz","splice ","Sat Apr 05 20:55:47 +0000 2014",,,,,
https://twitter.com/UmerEhmadKhan/status/452550223697829888,UmerEhmadKhan,"@Shukar_Allah me to sirf such bolta hun logon ki hassi apne aap nikal jaati hai pata nae kiyo ^.^",none,"Sat Apr 05 20:55:55 +0000 2014",,,,,
https://twitter.com/Rajaeakkarx/status/452550353805119488,Rajaeakkarx,"""@_SWEETGIRLx: @Rajaeakkarx chilll ehhh aaapp xxxx""  Noem mij geen aap ehh ziekerdd",none,"Sat Apr 05 20:56:26 +0000 2014",,,,,
https://twitter.com/steel_fb/status/452550472394502144,steel_fb,"jb srdi me aap 1 glaas pani lekr Aaine k samne khde hote ho
or Aaine per pani dal kr zor se chillate ho NAHA LIYA",none,"Sat Apr 05 20:56:55 +0000 2014",,,,,
https://twitter.com/__chelseaz/status/452550516644802561,__chelseaz,"Je lijkt op een aap ghehe.",none,"Sat Apr 05 20:57:05 +0000 2014",,,,,
https://twitter.com/menon_leena/status/452550557236867072,menon_leena,"RT @muntaziraapka: ""@MateenAap: ""@Spread_Revolt: #DeJhaadu Is baar chalegi aap ki jhaadu http://t.co/nGCYy8fcte""""","dejhaadu ","Sat Apr 05 20:57:15 +0000 2014",,,,,
https://twitter.com/Dani_Insafian1/status/452550591777374208,Dani_Insafian1,"@SAfridiOfficial salam lala. Lala main india vs pakistan world cup 2015 dekhney jaoon ga aap haath milain gy na muj sy????",none,"Sat Apr 05 20:57:23 +0000 2014",,,,,
https://twitter.com/foolsdie326/status/452550611796373504,foolsdie326,"@AmitAAPians @ameeuk @jaysymha aap shud win a minimum 40- 50 seats. sabki baja dalega",none,"Sat Apr 05 20:57:28 +0000 2014",,,,,
https://twitter.com/Syed_Basim/status/452550646873341952,Syed_Basim,"@ALindegaard aap Hiba ko ghar le jao please!",none,"Sat Apr 05 20:57:36 +0000 2014",,,,,
https://twitter.com/MadaanJitender/status/452550698626867200,MadaanJitender,"@rashu_singh ashutosh g ka to confirm hai mje or sisodia g print media mei the bus vo shazia g ka puchna tha aap se aap ne bta dia hai",none,"Sat Apr 05 20:57:49 +0000 2014",,,,,
https://twitter.com/ikjunoon_/status/452550709901139968,ikjunoon_,"@farman0411 @reemafarooqui bechari farman tu kuch na bol beta hum aap ki abbu aur Pakistan ap ki ammi lmao hahahaha",none,"Sat Apr 05 20:57:51 +0000 2014",,,,,
https://twitter.com/hilaldos/status/452550717220618240,hilaldos,"@salihkpc anlamam gibi aapyodum niye stme geliyosun aaa :D",none,"Sat Apr 05 20:57:53 +0000 2014",,,,,
https://twitter.com/mainobsessed_/status/452550760082210817,mainobsessed_,"Ik ben trots dat ik deze idioot heb gemeet! Ze is echt een aap maar ik hou van der! Ookal was het kort @Maartje_072x http://t.co/Tv8Z6VTaOh",none,"Sat Apr 05 20:58:03 +0000 2014",,,,,
https://twitter.com/PkZahir/status/452550810053140480,PkZahir,"@Dashing_hbk no no no no no no no  ;-)

Hahahhaha insaniyat ka bhala aap tu bare dilwali ha ;-)

So what if no wifi turn on data....",none,"Sat Apr 05 20:58:15 +0000 2014",,,,,
https://twitter.com/2014Viral/status/452550875349659648,2014Viral,"#Viral #indianelections #aap https://t.co/dop6mh33OX http://t.co/SRkMK3EH45","viral indianelections aap ","Sat Apr 05 20:58:31 +0000 2014",,,,,
https://twitter.com/MalangOff/status/452550990156558336,MalangOff,"@_IreneAdler__ khatarnaak khaatoon, been long! Kesi hain aap? :)",none,"Sat Apr 05 20:58:58 +0000 2014",,,,,
https://twitter.com/AAPYUVA/status/452551118791249920,AAPYUVA,"@12356pradip @ArvindKejriwal @dilipkpandey @VandanaSsingh @Vidyut @sidhujishan Gujarat aap is only run by dinesh wagela",none,"Sat Apr 05 20:59:29 +0000 2014",,,,,
https://twitter.com/RashySheykh/status/452551143332544512,RashySheykh,"@Zari_41  yeh na ho k aap he mere junior ho ! Tb kia hoga ?",none,"Sat Apr 05 20:59:35 +0000 2014",,,,,
https://twitter.com/arsi11/status/452551160725905408,arsi11,"@SAfridiOfficial shahid bhai aik bhi reply nahi... kese hain aap?? hws hafeez bhai??",none,"Sat Apr 05 20:59:39 +0000 2014",,,,,
https://twitter.com/Muskurahatein/status/452551201607802880,Muskurahatein,"@SrBachchan hello sir :-) kaise hai aap?",none,"Sat Apr 05 20:59:49 +0000 2014",,,,,
https://twitter.com/Bitu_Noty/status/452551208268759040,Bitu_Noty,"@SAfridiOfficial kya aap world t20 me apni performance se satisfied ho?",none,"Sat Apr 05 20:59:50 +0000 2014",,,,,
https://twitter.com/HareemKhaliq/status/452551271527247872,HareemKhaliq,"@ZehraFatima3  kaisi hain aap? :p ^_^",none,"Sat Apr 05 21:00:05 +0000 2014",,,,,
https://twitter.com/HaddiPasli/status/452551349197352962,HaddiPasli,"@AnumAisha @kainatalii aap dono ki pyaar me, main kabab me haddipasli :D",none,"Sat Apr 05 21:00:24 +0000 2014",,,,,
https://twitter.com/ajayparmar10/status/452551349347962880,ajayparmar10,"@srbachchan sir aap abhi bhi jaag rhe ho kya?",none,"Sat Apr 05 21:00:24 +0000 2014",,,,,
https://twitter.com/MadaanJitender/status/452551404465299456,MadaanJitender,"@rashu_singh vo boy ka name btna jo aap ko behan bi keh rha tha or gaali bi de rha tha lady ke samne gaali nai dte usko sharam nai aayi",none,"Sat Apr 05 21:00:37 +0000 2014",,,,,
https://twitter.com/dr_zami/status/452551532492627968,dr_zami,"@JungliBilli_ I thought aap so gae good Night keh ke! :P",none,"Sat Apr 05 21:01:08 +0000 2014",,,,,
https://twitter.com/alkasoni49/status/452551544718630912,alkasoni49,"@SrBachchan ckwk dekha maza aa gya aap ko hasta dekh itna hase ko aansu b aa gye I love u sirg",none,"Sat Apr 05 21:01:10 +0000 2014",,,,,
https://twitter.com/xkusjeAlexandra/status/452551576641892354,xkusjeAlexandra,"23:00 aardappel/aap @OhMyHamsaa ",none,"Sat Apr 05 21:01:18 +0000 2014",,,,,
https://twitter.com/kusjexxmyrthe/status/452551633764102145,kusjexxmyrthe,"@maartjeee89 jij ook aap",none,"Sat Apr 05 21:01:32 +0000 2014",,,,,
https://twitter.com/Habshi_Haseena/status/452551677582012417,Habshi_Haseena,"Desi Auntie: Beta kya karta ho ?
Me: Auntie aap kee bare beti sa bhaut zaida pyar !!!",none,"Sat Apr 05 21:01:42 +0000 2014",,,,,
https://twitter.com/KhurramRaajput/status/452551717734084608,KhurramRaajput,"Jo apnay Army chief ki help nae kr sktay wo meri ya aap ki kia krain gey? #MusharrafTreasonCase","musharraftreasoncase ","Sat Apr 05 21:01:52 +0000 2014",,,,,
https://twitter.com/dhanudada/status/452551799442919424,dhanudada,"@ArvindKejriwal aap ke ke pass bahut achhai hai.lekin santo ke pass ap jao ashirwad lojaise ki asaram bapu bhagwan bhi nahi de sakta wodenge",none,"Sat Apr 05 21:02:11 +0000 2014",,,,,
https://twitter.com/Agent_PM/status/452551802223742976,Agent_PM,"RT @hukam_rawat: Arvind kejriwal Aam aadmi party Faridabad Road Show, http://t.co/IAHbN2KSwt",none,"Sat Apr 05 21:02:12 +0000 2014",,,,,
https://twitter.com/Zari_41/status/452551862953451520,Zari_41,"@RashySheykh 'aap' pe agaye ho.. Bach gaye ho. No more dramay!! Bye",none,"Sat Apr 05 21:02:26 +0000 2014",,,,,
https://twitter.com/Latifaknowles/status/452551876241002496,Latifaknowles,"@Bankjes7333 slaaplekker aap",none,"Sat Apr 05 21:02:29 +0000 2014",,,,,
https://twitter.com/DrKHURRAM_SJ/status/452551921908584448,DrKHURRAM_SJ,"@javerias ager aap 3 baat say ziada din mein apni tasveer khenchain to yeh dimaghi khalal hy..magar koi ilaj nhe",none,"Sat Apr 05 21:02:40 +0000 2014",,,,,
https://twitter.com/Nultiien_/status/452551945317015552,Nultiien_,"@OfficialFerdi was nie gemeen bedoeld aap laa :(",none,"Sat Apr 05 21:02:46 +0000 2014",,,,,
https://twitter.com/shambhavidwive2/status/452551951020855296,shambhavidwive2,"@shekharkapur sir abki baar MODI SARKAAR !! what say yaa phir AAP KI chaap! ya phir HAANTH KA SAATH !!!!!!",none,"Sat Apr 05 21:02:47 +0000 2014",,,,,
https://twitter.com/shambhavidwive2/status/452551974987104256,shambhavidwive2,"@shekharkapur sir abki baar MODI SARKAAR !! what say yaa phir AAP KI chaap! ya phir HAANTH KA SAATH !!!!!!!",none,"Sat Apr 05 21:02:53 +0000 2014",,,,,
https://twitter.com/Angel_pari12/status/452551982897586176,Angel_pari12,"@SAfridiOfficial lala aap mujhe reply nhi karenge?  lala pls lala pls pls pls pls lala am ur die hard fan lala.. pls reply???",none,"Sat Apr 05 21:02:55 +0000 2014",,,,,
https://twitter.com/MightyTotMouse/status/452552003869487104,MightyTotMouse,"@Tinker_bell101 aap ki khatir",none,"Sat Apr 05 21:03:00 +0000 2014",,,,,
https://twitter.com/shambhavidwive2/status/452552004825403392,shambhavidwive2,"@shekharkapur sir abki baar MODI SARKAAR !! what say yaa phir AAP KI chaap! ya phir HAANTH KA SAATH !!!!!! !",none,"Sat Apr 05 21:03:00 +0000 2014",,,,,
https://twitter.com/shambhavidwive2/status/452552029764734976,shambhavidwive2,"@shekharkapur sir abki baar MODI SARKAAR !! what say yaa phir AAP KI chaap! ya phir HAANTH KA SAATH !!!!!! :)",none,"Sat Apr 05 21:03:06 +0000 2014",,,,,
https://twitter.com/UZi_says/status/452552054783762433,UZi_says,"@SAfridiOfficial Lalaa! Kese ho aap? :) #YourReplyMyDieHardWish","yourreplymydiehardwish ","Sat Apr 05 21:03:12 +0000 2014",,,,,
https://twitter.com/foolsdie326/status/452552061746311169,foolsdie326,"@ameeuk @AmitAAPians other countires are watching aap. its going to chnage the world",none,"Sat Apr 05 21:03:14 +0000 2014",,,,,
https://twitter.com/AAPYUVA/status/452552067349889024,AAPYUVA,"Its Good news for GOA aap dinesh waghela is contestiong from gujarat 
GOA is safe now @aapkarajiv @tweet_mit @jaydeep3199 @AAPGujarat",none,"Sat Apr 05 21:03:15 +0000 2014",,,,,
https://twitter.com/swetshiv/status/452552074824130560,swetshiv,"@angelcharlie8 dii... kya mei aap se Kuch pooch sakthi hun.......",none,"Sat Apr 05 21:03:17 +0000 2014",,,,,
https://twitter.com/shambhavidwive2/status/452552078150221824,shambhavidwive2,"@shekharkapur sir abki baar MODI SARKAAR !! what say yaa phir AAP KI chaap! ya phir HAANTH KA SAATH !!!!!:)",none,"Sat Apr 05 21:03:18 +0000 2014",,,,,
https://twitter.com/shambhavidwive2/status/452552098538741760,shambhavidwive2,"@shekharkapur sir abki baar MODI SARKAAR !! what say yaa phir AAP KI chaap! ya phir HAANTH KA SAATH !!!",none,"Sat Apr 05 21:03:22 +0000 2014",,,,,
https://twitter.com/shambhavidwive2/status/452552117685735424,shambhavidwive2,"@shekharkapur sir abki baar MODI SARKAAR !! what say yaa phir AAP KI chaap! ya phir HAANTH KA SAATH !!",none,"Sat Apr 05 21:03:27 +0000 2014",,,,,
https://twitter.com/AAPYUVA/status/452552149373698049,AAPYUVA,"Its Good news for GOA aap dinesh waghela is contestiong from gujarat  GOA is safe now @sidhujishan @Vidyut @aapkarajiv @ArvindKejriwal",none,"Sat Apr 05 21:03:35 +0000 2014",,,,,
https://twitter.com/shambhavidwive2/status/452552175835566080,shambhavidwive2,"@shekharkapur sir abki baar MODI SARKAAR !! what say yaa phir AAP KI chaap! ya phir HAANTH KA SAATH !! :)",none,"Sat Apr 05 21:03:41 +0000 2014",,,,,
https://twitter.com/shambhavidwive2/status/452552206177148928,shambhavidwive2,"@shekharkapur sir abki baar MODI SARKAAR !! what say yaa phir AAP KI chaap! ya phir HAANTH KA SAATH !!!!!! _",none,"Sat Apr 05 21:03:48 +0000 2014",,,,,
https://twitter.com/Agent_PM/status/452552222023237632,Agent_PM,"RT @muntaziraapka: ""@Yr_Conscience: AAP Jansabha with Arvind Kejriwal and Shazia Ilmi on April06, 4:30 PM at Ghaziabad.
#AAP http://t.co/Y9","aap dejhaadu ","Sat Apr 05 21:03:52 +0000 2014",,,,,
https://twitter.com/prashantpareek7/status/452552221842894848,prashantpareek7,"@srbachchan sahab kaise hai aap ?",none,"Sat Apr 05 21:03:52 +0000 2014",,,,,
https://twitter.com/_Lievexmelis/status/452552250465222656,_Lievexmelis,"@jelle214 aap rea is app!!!",none,"Sat Apr 05 21:03:59 +0000 2014",,,,,
https://twitter.com/AAPYUVA/status/452552256907251712,AAPYUVA,"Its Good news for GOA aap dinesh waghela is contestiong from gujarat  GOA is safe now @dilipkpandey @AAPUttarPradesh @CYSSVADODARA",none,"Sat Apr 05 21:04:00 +0000 2014",,,,,
https://twitter.com/shambhavidwive2/status/452552276591136769,shambhavidwive2,"@shekharkapur sir abki baar MODI SARKAAR !! what say yaa phir AAP KI chaap! ya phir HAANTH KA SAATH !!!!!!!!",none,"Sat Apr 05 21:04:05 +0000 2014",,,,,
https://twitter.com/ShehmirKhanzada/status/452552293641371649,ShehmirKhanzada,"RT @KhurramRaajput: Jo apnay Army chief ki help nae kr sktay wo meri ya aap ki kia krain gey? #MusharrafTreasonCase","musharraftreasoncase ","Sat Apr 05 21:04:09 +0000 2014",,,,,
https://twitter.com/_AbhishekGhosh/status/452552308447264768,_AbhishekGhosh,"#Kejriwal plotting against #India http://t.co/pYB7H0IZpg #indiawithmodi #aaptards","kejriwal india indiawithmodi aaptards ","Sat Apr 05 21:04:13 +0000 2014",,,,,
https://twitter.com/jaysymha/status/452552323597090816,jaysymha,"@foolsdie326 @AmitAAPians @ameeuk looking at d focus on trolls on aap,their top leaders hate statements,fake stings-der s a huge one comin",none,"Sat Apr 05 21:04:16 +0000 2014",,,,,
https://twitter.com/shambhavidwive2/status/452552333361020928,shambhavidwive2,"@shekharkapur sir abki baar MODI SARKAAR !!  yaa phir AAP KI chaap! ya phir HAANTH KA SAATH !!!!!! :) :)",none,"Sat Apr 05 21:04:18 +0000 2014",,,,,
https://twitter.com/zaidiopines/status/452552361131524096,zaidiopines,"RT @KhurramRaajput: Jo apnay Army chief ki help nae kr sktay wo meri ya aap ki kia krain gey? #MusharrafTreasonCase","musharraftreasoncase ","Sat Apr 05 21:04:25 +0000 2014",,,,,
https://twitter.com/HG_Singh/status/452552388432637953,HG_Singh,"RT @rajputonrock: Amazing #AAP energy on the streets of Gondia!! #NCP clock will witness bad times ahead. @mayankgandhi04 @aapkipreeti http","aap ncp ","Sat Apr 05 21:04:32 +0000 2014",,,,,
https://twitter.com/shambhavidwive2/status/452552409458294785,shambhavidwive2,"@shekharkapur sir abki baar MODI SARKAAR !!  yaa phir AAP KI chaap! ya phir HAANTH KA SAATH !!!!!! !",none,"Sat Apr 05 21:04:37 +0000 2014",,,,,
https://twitter.com/HaddiPasli/status/452552410775715840,HaddiPasli,"@kainatalii @AnumAisha tou aap mujhe dard dene ka irada rakhte hain, 
Aao ishq ishq khelain :D #AchaSorry","achasorry ","Sat Apr 05 21:04:37 +0000 2014",,,,,
https://twitter.com/ikjunoon_/status/452552419704971264,ikjunoon_,"@farman0411 hum dono bas mazak kr rhe thi aap se @reemafarooqui",none,"Sat Apr 05 21:04:39 +0000 2014",,,,,
https://twitter.com/shambhavidwive2/status/452552431994298368,shambhavidwive2,"@shekharkapur sir abki baar MODI SARKAAR !!  yaa phir AAP KI chaap! ya phir HAANTH KA SAATH !!!!!! ! !",none,"Sat Apr 05 21:04:42 +0000 2014",,,,,
https://twitter.com/prerna2107/status/452552434833842176,prerna2107,"@guptasumit220 @aaprevolutioncg @arvindkejriwal don matter ..delhi vs aap ke alawa koi jeet ni sakta",none,"Sat Apr 05 21:04:43 +0000 2014",,,,,
https://twitter.com/dudeamitj/status/452552445437038592,dudeamitj,"@ArvindKejriwal  sir suna hai aapne baccho ki kasam khaayi hair ki aap modi ko vote nahi doge #JantaMaafNahiKaregi","jantamaafnahikaregi ","Sat Apr 05 21:04:45 +0000 2014",,,,,
https://twitter.com/Agent_PM/status/452552446229753857,Agent_PM,"RT @rajputonrock: Amazing #AAP energy on the streets of Gondia!! #NCP clock will witness bad times ahead. @mayankgandhi04 @aapkipreeti http","aap ncp ","Sat Apr 05 21:04:45 +0000 2014",,,,,
https://twitter.com/foolsdie326/status/452552463657095168,foolsdie326,"@ameeuk @AmitAAPians @DrKumarVishwas @shaziailmi aap is the ring master",none,"Sat Apr 05 21:04:50 +0000 2014",,,,,
https://twitter.com/shambhavidwive2/status/452552467310342144,shambhavidwive2,"@shekharkapur sir abki baar MODI SARKAAR !! ! yaa phir AAP KI chaap! ya phir HAANTH KA SAATH !!!!!! !",none,"Sat Apr 05 21:04:50 +0000 2014",,,,,
https://twitter.com/HG_Singh/status/452552475284094976,HG_Singh,"RT @hukam_rawat: Arvind kejriwal Aam aadmi party Faridabad Road Show, http://t.co/IAHbN2KSwt",none,"Sat Apr 05 21:04:52 +0000 2014",,,,,
https://twitter.com/haiderhaqqi/status/452552484767428608,haiderhaqqi,"RT @KhurramRaajput: Jo apnay Army chief ki help nae kr sktay wo meri ya aap ki kia krain gey? #MusharrafTreasonCase","musharraftreasoncase ","Sat Apr 05 21:04:55 +0000 2014",,,,,
https://twitter.com/shambhavidwive2/status/452552499715514368,shambhavidwive2,"@shekharkapur sir abki baar MODI SARKAAR !!  yaa phir AAP KI chaap! ya phir HAANTH KA SAATH !!!!!! ! :-)",none,"Sat Apr 05 21:04:58 +0000 2014",,,,,
https://twitter.com/shambhavidwive2/status/452552529033719808,shambhavidwive2,"@shekharkapur sir abki baar MODI SARKAAR !!  yaa phir AAP KI chaap! ya phir HAANTH KA SAATH !!!!!! ! !!",none,"Sat Apr 05 21:05:05 +0000 2014",,,,,
https://twitter.com/11suraj11/status/452552585501626369,11suraj11,"RT @tweetfromRaghu: @SheenuDr @Spread_Revolt @ArvindKejriwal the 49 day thing is why I admire and support aap http://t.co/JPEhPBSRSM",none,"Sat Apr 05 21:05:19 +0000 2014",,,,,
https://twitter.com/isso_mahalatbad/status/452552633505841152,isso_mahalatbad,"@mayankgandhi04 acha hota phele aap apne ghar mai jhadu marte",none,"Sat Apr 05 21:05:30 +0000 2014",,,,,
https://twitter.com/shambhavidwive2/status/452552636219138049,shambhavidwive2,"@shekharkapur :) sir abki baar MODI SARKAAR !!  yaa phir AAP KI chaap! ya phir HAANTH KA SAATH !!!!!! !",none,"Sat Apr 05 21:05:31 +0000 2014",,,,,
https://twitter.com/shambhavidwive2/status/452552671807811584,shambhavidwive2,"@shekharkapur sir abki baar MODI SARKAAR !!  yaa phir AAP KI chaap! ya phir HAANTH KA SAATH !!!!!! !&gt;",none,"Sat Apr 05 21:05:39 +0000 2014",,,,,
https://twitter.com/ajayparmar10/status/452552720772128768,ajayparmar10,"@manishpaul03 hi manish ji
how  r u ?
&amp; kaha chale gye ho aap hum apki tweets ke liye betaab hai",none,"Sat Apr 05 21:05:51 +0000 2014",,,,,
https://twitter.com/shambhavidwive2/status/452552780658401280,shambhavidwive2,"@shekharkapur sir abki baar MODI SARKAAR !!  yaa phir AAP KI chaap! ya phir HAANTH KA SAATH !!!!!! ! !! reply plz",none,"Sat Apr 05 21:06:05 +0000 2014",,,,,
https://twitter.com/SumairaJajja/status/452552792109223936,SumairaJajja,"@aziz_leo nahi. aap to ghazi hay ;)",none,"Sat Apr 05 21:06:08 +0000 2014",,,,,
https://twitter.com/shambhavidwive2/status/452552815861170176,shambhavidwive2,"@shekharkapur sir abki baar MODI SARKAAR !!  yaa phir AAP KI chaap! ya phir HAANTH KA SAATH !!!!!! ! plz reply",none,"Sat Apr 05 21:06:13 +0000 2014",,,,,
https://twitter.com/Ammar_AliKhan/status/452552840318574592,Ammar_AliKhan,"@SAfridiOfficial Afridi bhai all negativities aside, aap ka wo 98m six was EPIC !",none,"Sat Apr 05 21:06:19 +0000 2014",,,,,
https://twitter.com/shambhavidwive2/status/452552856160067584,shambhavidwive2,"@shekharkapur sir abki baar MODI SARKAAR !!  yaa phir AAP KI chaap! ya phir HAANTH KA SAATH !!!!!! ! plz reply !",none,"Sat Apr 05 21:06:23 +0000 2014",,,,,
https://twitter.com/shambhavidwive2/status/452552933469462528,shambhavidwive2,"@shekharkapur sir abki baar MODI SARKAAR !!  yaa phir AAP KI chaap! ya phir HAANTH KA SAATH !!!!!! ! plz sir reply",none,"Sat Apr 05 21:06:42 +0000 2014",,,,,
https://twitter.com/shambhavidwive2/status/452552991921283072,shambhavidwive2,"@shekharkapur sir abki baar MODI SARKAAR !!  yaa phir AAP KI chaap! ya phir HAANTH KA SAATH !!!!!! ! plz reply sirji",none,"Sat Apr 05 21:06:55 +0000 2014",,,,,
https://twitter.com/selenaseternal/status/452553107629944832,selenaseternal,"yu can buy books otherwise. invisible ho k b books e? ki krna itni reading kr k?  Jo aap ko nahi karna :P http://t.co/nXsZgGcXRC",none,"Sat Apr 05 21:07:23 +0000 2014",,,,,
https://twitter.com/MonarezaS/status/452553291553968128,MonarezaS,"aap se yakinan milenge milenge..  Milenge Milenge  https://t.co/Rhab1bUyQb",none,"Sat Apr 05 21:08:07 +0000 2014",,,,,
https://twitter.com/Afroz05894131/status/452553349728985088,Afroz05894131,"agar aap taliban sey bath kar rahy hain to baluchi sey kyon nahi. agar aysi bath hay tu Sindu desh walu sey kyo nahi.kal apkay punjab may",none,"Sat Apr 05 21:08:21 +0000 2014",,,,,
https://twitter.com/Wardam99/status/452553353487474689,Wardam99,"@AdabWaqar jee aap",none,"Sat Apr 05 21:08:22 +0000 2014",,,,,
https://twitter.com/addicted_bcyou/status/452553441693683712,addicted_bcyou,"@addictedty nee aap anders zei je niet forever will we be, ik ben slim iliasregenjas",none,"Sat Apr 05 21:08:43 +0000 2014",,,,,
https://twitter.com/ManuSharma_MS/status/452553502833655808,ManuSharma_MS,"@AapKiAfshan ye bjp ka internal provlem hai actual mai  aap dhyan se padho to pata chalega its mo-DIVISION    ",none,"Sat Apr 05 21:08:57 +0000 2014",,,,,
https://twitter.com/Mahesh22039/status/452553573516451840,Mahesh22039,"RT @hukam_rawat: Arvind kejriwal Aam aadmi party Faridabad Road Show, http://t.co/IAHbN2KSwt",none,"Sat Apr 05 21:09:14 +0000 2014",,,,,
https://twitter.com/FaisalQurashi11/status/452553592541429760,FaisalQurashi11,"@mariaaaaam_ mariaam g mujhe english nahi ati plz aap mujhse urdu ma bat karlo aap na itna msg kia mujhe sumjh nai ay.",none,"Sat Apr 05 21:09:19 +0000 2014",,,,,
https://twitter.com/BeingAnkushGoel/status/452553630386634752,BeingAnkushGoel,"@RoyalIshaqzaada main 4 baje se pehle nhi ayegi bhai.. aap bolo kya hua ?",none,"Sat Apr 05 21:09:28 +0000 2014",,,,,
https://twitter.com/ChefKunal_FC/status/452553759952891904,ChefKunal_FC,"RT @IshaJuneja870: @ChefKunalKapur pehli barr itne cute pig dekhe h sir..ye sirf aap hi kr sakte ho sir..sooo cute",none,"Sat Apr 05 21:09:59 +0000 2014",,,,,
https://twitter.com/HammadKhaann/status/452553776243560448,HammadKhaann,"@SAfridiOfficial Aap aaj kal Madina Masjid, Gulshan mein namaz parh rahay hain? Ik waqt hogaya aap se milay huay..",none,"Sat Apr 05 21:10:02 +0000 2014",,,,,
https://twitter.com/tariqhashmi4/status/452553853620465664,tariqhashmi4,"RT @KhurramRaajput: Jo apnay Army chief ki help nae kr sktay wo meri ya aap ki kia krain gey? #MusharrafTreasonCase","musharraftreasoncase ","Sat Apr 05 21:10:21 +0000 2014",,,,,
https://twitter.com/monisha_yadav/status/452553922314375168,monisha_yadav,"BJP sarkar. Agar aap soch rage hai AAP sarkar banayenge to I m sure aapka akal  gay a bhains bejne @justicearnab",none,"Sat Apr 05 21:10:37 +0000 2014",,,,,
https://twitter.com/justa_tweeper/status/452553946838859776,justa_tweeper,"@BumPeyLaat g bhai bilkul sae baath ke aap nay @MorpheusSaad",none,"Sat Apr 05 21:10:43 +0000 2014",,,,,
https://twitter.com/tataiermail/status/452553946813329408,tataiermail,"RT @Yadav7777Vivek: @bbgarg7 aap party candidate javed jafri actor  giving bribe of 1000 Rs to a rickshaw man to press jhadu button http://",none,"Sat Apr 05 21:10:43 +0000 2014",,,,,
https://twitter.com/farman0411/status/452553988722794496,farman0411,"@reemafarooqui @ikjunoon_ aisa kam na karo reema jo aap ko sory bolna pare thanks jo b tm ne pakistan ko bola .",none,"Sat Apr 05 21:10:53 +0000 2014",,,,,
https://twitter.com/gurukripa2me/status/452554026324750336,gurukripa2me,"@satyendarjain @arvindkejriwal @ashutosh83b @iacshail @aamaadmiparty aap broke exoectation of ppl",none,"Sat Apr 05 21:11:02 +0000 2014",,,,,
https://twitter.com/fatir3244/status/452554147582050304,fatir3244,"@samraansari55 aap kiankein mujhay bohut deep lag rahein hein, ddb janay ka khtra hai.",none,"Sat Apr 05 21:11:31 +0000 2014",,,,,
https://twitter.com/maindesihoon/status/452554309671321600,maindesihoon,"@atifjamal4 chalo es bahanay aap hansay to sahee :P @usman2901",none,"Sat Apr 05 21:12:10 +0000 2014",,,,,
https://twitter.com/iqgujjar/status/452554312926101504,iqgujjar,"@etbamby isi liye aap hr wqt krti hai #pmln ko?","pmln ","Sat Apr 05 21:12:10 +0000 2014",,,,,
https://twitter.com/deborahbicke/status/452554377526788096,deborahbicke,"RT @martijnwauters: Een rode aap van jewelste! De 38 puntenweek ipv de 38 urenweek http://t.co/5nrBBjg8Rf @jefstaes #redmonkey","redmonkey ","Sat Apr 05 21:12:26 +0000 2014",,,,,
https://twitter.com/canitwitt/status/452554476524933120,canitwitt,"RT @dushyant9kumar: thats 1 small step for ak 1 giant leap for #aaptards 
 flop show
Kejriwal govts FIR on gas price illegal
http://t.co/5","aaptards dejhaadu ","Sat Apr 05 21:12:49 +0000 2014",,,,,
https://twitter.com/SoniiSalman/status/452554673111977984,SoniiSalman,"@BhagwaanJi wait aap ne kuch kia bhi nahi aur credit le liyah :'( not fair",none,"Sat Apr 05 21:13:36 +0000 2014",,,,,
https://twitter.com/teammandali2/status/452554674458349568,teammandali2,"RT @harisansari1989: @kunwar_amar16 @teammandali2 mk sir and Firoz bht miss krte hain aap dono ko",none,"Sat Apr 05 21:13:37 +0000 2014",,,,,
https://twitter.com/piyush_kaviraj/status/452554688416591872,piyush_kaviraj,"#AAP #Mawal #LS2014 candidate #MarutiBhapkar on @satyamevjayate https://t.co/Q2nVD4UsQV @ravi4354 @aartic02 @AAPVora @aapkipreeti @AAPMumbai","aap mawal ls2014 marutibhapkar ","Sat Apr 05 21:13:40 +0000 2014",,,,,
https://twitter.com/Unit1A1/status/452554747632177152,Unit1A1,"RT @KhurramRaajput: Jo apnay Army chief ki help nae kr sktay wo meri ya aap ki kia krain gey? #MusharrafTreasonCase","musharraftreasoncase ","Sat Apr 05 21:13:54 +0000 2014",,,,,
https://twitter.com/DesBdloMaukaHai/status/452554807728152576,DesBdloMaukaHai,"RT @ManuSharma_MS: @AapKiAfshan ye bjp ka internal provlem hai actual mai  aap dhyan se padho to pata chalega its mo-DIVISION   ",none,"Sat Apr 05 21:14:08 +0000 2014",,,,,
https://twitter.com/fizzanazar/status/452554943682338818,fizzanazar,"@saddam46 Theekay theekay mai bata dugi aap shaanti rakhe!",none,"Sat Apr 05 21:14:41 +0000 2014",,,,,
https://twitter.com/ShahzaibEqbal/status/452555095972933633,ShahzaibEqbal,"Lift hee nahi karatay aap tou @SAfridiOfficial",none,"Sat Apr 05 21:15:17 +0000 2014",,,,,
https://twitter.com/Uzair_Uzzy/status/452555101430116353,Uzair_Uzzy,"@Hajrah_Bajwa Yeah sahi kaha aap ny. Ab yeh bhi bataiye k patriotism kya gunah hai?",none,"Sat Apr 05 21:15:18 +0000 2014",,,,,
https://twitter.com/jaintango/status/452555107356274689,jaintango,"RT @AyushjhaJha: @tajinderbagga  #ModiVision #aapwaveinharyana  #AbKiBaarModiSarkaar AAP candidate caught bribing voters: https://t.co/xE04","modivision aapwaveinharyana abkibaarmodisarkaar ","Sat Apr 05 21:15:20 +0000 2014",,,,,
https://twitter.com/sanjeevkkaundal/status/452555180715016192,sanjeevkkaundal,"@navalchandra @dramoly @bharat_builder @janlokpal @VishalDadlani its all money power which aap doesn't have although aap will win heart.",none,"Sat Apr 05 21:15:37 +0000 2014",,,,,
https://twitter.com/BhagwaanJi/status/452555196883668992,BhagwaanJi,"RT @SoniiSalman: @BhagwaanJi wait aap ne kuch kia bhi nahi aur credit le liyah :'( not fair",none,"Sat Apr 05 21:15:41 +0000 2014",,,,,
https://twitter.com/Imranian7/status/452555241234649088,Imranian7,"@Wasim_Wazir yaani k aap skype pe hn ;)",none,"Sat Apr 05 21:15:52 +0000 2014",,,,,
https://twitter.com/Agent_PM/status/452555264990785536,Agent_PM,"RT @jaavedjaaferi: @PIYUSH4BJP: @jaavedjaaferi @ArvindKejriwal Jaaved Sahab aap kahaan se phans gayein #aap ke (cont) http://t.co/e3t2EuPd","aap ","Sat Apr 05 21:15:57 +0000 2014",,,,,
https://twitter.com/mootje295/status/452555366367510529,mootje295,"@xNaommxx aap",none,"Sat Apr 05 21:16:22 +0000 2014",4.38253124,52.04530016,,,
https://twitter.com/still_waila/status/452555401289277440,still_waila,"@Fahr_Ali @HukamKeroSarkar i tried but fail aap k wala problem :(",none,"Sat Apr 05 21:16:30 +0000 2014",,,,,
https://twitter.com/BeingAnkushGoel/status/452555417235628032,BeingAnkushGoel,"@RoyalIshaqzaada haan bhai chalo aap hi start karo n btw aap jante ho kya is bhai ko :D",none,"Sat Apr 05 21:16:34 +0000 2014",,,,,
https://twitter.com/taamasya/status/452555447560445953,taamasya,"This reveals why have their been so many attacks lately on AAP #SelfAdministered #Politics #AAP #aapwaveinharyana http://t.co/ph2rjdtSee","selfadministered politics aap aapwaveinharyana ","Sat Apr 05 21:16:41 +0000 2014",,,,,
https://twitter.com/dileepyadav/status/452555510340788224,dileepyadav,"Jab janlokpal nahi mila to rajneeti ke akhade ko janlokpal ka akhada bankar jut gaye kejriwal desh ko bhrtachar mukt banane. jiyo Arvind",none,"Sat Apr 05 21:16:56 +0000 2014",77.2811559,28.6349308,,,
https://twitter.com/MBhushaan/status/452555510865092609,MBhushaan,"RT @muntaziraapka: ""@MateenAap: ""@Spread_Revolt: #DeJhaadu Is baar chalegi aap ki jhaadu http://t.co/nGCYy8fcte""""","dejhaadu ","Sat Apr 05 21:16:56 +0000 2014",,,,,
https://twitter.com/BeingDeen/status/452555714532085760,BeingDeen,"RT @yasirmb: @BeingDeen http://t.co/wsJu4Yru3E #support #aap #muslimorgz","support aap muslimorgz ","Sat Apr 05 21:17:45 +0000 2014",,,,,
https://twitter.com/iacdhirendra/status/452555751827841024,iacdhirendra,"RT @dileepyadav: Jab janlokpal nahi mila to rajneeti ke akhade ko janlokpal ka akhada bankar jut gaye kejriwal desh ko bhrtachar mukt banan",none,"Sat Apr 05 21:17:53 +0000 2014",,,,,
https://twitter.com/SoniiSalman/status/452555786548682753,SoniiSalman,"@BhagwaanJi agar kabhi mera bhagwaan par se wishwaash utha toh uske reason aap honge #Seriously","seriously ","Sat Apr 05 21:18:02 +0000 2014",,,,,
https://twitter.com/taamasya/status/452555851094433792,taamasya,"@ArvindKejriwal Would u explain this pls? #aapchaos #AAP4YouthInPolitics #SympathyVotePolitics #AAP #aapwaveinharyana http://t.co/YXKZWgE0xG","aapchaos aap4youthinpolitics sympathyvotepolitics aap aapwaveinharyana ","Sat Apr 05 21:18:17 +0000 2014",,,,,
https://twitter.com/jvsk3/status/452555862276444160,jvsk3,"RT @aap_activist: @AamAadmiParty personal connect with the last man in the chain, ""challenges Modi wave""
http://t.co/BZJyoraeyJ
AAP is comi",none,"Sat Apr 05 21:18:20 +0000 2014",,,,,
https://twitter.com/FilipD_/status/452555941301731328,FilipD_,"Ontsnapte aap",none,"Sat Apr 05 21:18:39 +0000 2014",,,,,
https://twitter.com/coolprabhat1/status/452556000768180224,coolprabhat1,"RT @muntaziraapka: ""@Vidyut: Thousands of AAP supporters organized quitting AAP without any1 not quitting coming 2know. Kitna bewakoof bana","teamfeku ","Sat Apr 05 21:18:53 +0000 2014",,,,,
https://twitter.com/kavita2680/status/452556017386024960,kavita2680,"RT @onlyskr: cc....@reviewero aap waha kab pahunch gaye :p @GooglePics http://t.co/bvfepTOnk5",none,"Sat Apr 05 21:18:57 +0000 2014",,,,,
https://twitter.com/_AbhishekGhosh/status/452556064974979072,_AbhishekGhosh,"Pathetic and #Kejriwal calls #Maoists his comrades http://t.co/u9qsJ6GBwI #kejriwalstunt #aaptards","kejriwal maoists kejriwalstunt aaptards ","Sat Apr 05 21:19:08 +0000 2014",,,,,
https://twitter.com/ccheyennee_/status/452556096990113792,ccheyennee_,"@oneiinamillionn @teambengbeng hahah dankjewel aap",none,"Sat Apr 05 21:19:16 +0000 2014",,,,,
https://twitter.com/CMundkar/status/452556170943672320,CMundkar,"RT @muntaziraapka: ""@Vidyut: Thousands of AAP supporters organized quitting AAP without any1 not quitting coming 2know. Kitna bewakoof bana","teamfeku ","Sat Apr 05 21:19:33 +0000 2014",,,,,
https://twitter.com/isso_mahalatbad/status/452556420240916480,isso_mahalatbad,"@AamAadmiParty. Shaydse aap log bhul gaye hai Delhi mai election q win hue the bcoz all candidateFromSlum that's y u win#babajikaThuluMilega",none,"Sat Apr 05 21:20:33 +0000 2014",,,,,
https://twitter.com/MAkhan360/status/452556502402732033,MAkhan360,"#ThreeEpicWords ch****iya hain aap","threeepicwords ","Sat Apr 05 21:20:52 +0000 2014",,,,,
https://twitter.com/akhtar_durrani/status/452556561114992640,akhtar_durrani,"@SumairaJajja phhir aap kahen gi"" na Khuda hi mila na wisaal e Sanam, na lunch ke rahey na dinner key rahey""",none,"Sat Apr 05 21:21:06 +0000 2014",55.39458861,25.35614882,,,
https://twitter.com/JammuAurKashmir/status/452556567620378624,JammuAurKashmir,"RT @aap_103: Kudos to #AAP Pune volunteer and their spy camera Caught ppl redhanded MNS workers distributing Liquor in Vaiduwadi Gokhale  P","aap ","Sat Apr 05 21:21:08 +0000 2014",,,,,
https://twitter.com/MadaanJitender/status/452556824940519424,MadaanJitender,"@rashu_singh time prblm hai kitna time dna hta hai party ko daily aap ki sangat mei rhnga to mje bi nind nai aegi",none,"Sat Apr 05 21:22:09 +0000 2014",,,,,
https://twitter.com/Agent_PM/status/452556899301347328,Agent_PM,"RT @tweetfromRaghu: From the time aap has entered politics, cong &amp; BJP have been playing sorry against them (as usual) and spreading one li",none,"Sat Apr 05 21:22:27 +0000 2014",,,,,
https://twitter.com/Puneetsh09/status/452556901209763840,Puneetsh09,"log kehte hain ki achche log nahi aate politics me
lekin jab aate hai to unhe aap support nahi karte aur unhe pakistani agent kehte hai",none,"Sat Apr 05 21:22:28 +0000 2014",,,,,
https://twitter.com/Mahnoor_Zaynab/status/452556906180395008,Mahnoor_Zaynab,"@Taqwa999 Bibi ki shahadat ke ayyam hain aur aap shadiyan kha rahi hain?",none,"Sat Apr 05 21:22:29 +0000 2014",,,,,
https://twitter.com/mnaomic/status/452556952435179520,mnaomic,""" verdrietige aap met down syndroom "" @AmberKremer",none,"Sat Apr 05 21:22:40 +0000 2014",,,,,
https://twitter.com/isso_mahalatbad/status/452556972358135808,isso_mahalatbad,"Janlokpal nahi chaiye hume wo aap apne ghar mai rakho agr kch krna hai to slum ke liye karo @AamAadmiParty",none,"Sat Apr 05 21:22:44 +0000 2014",,,,,
https://twitter.com/ibrahim_iblim/status/452557086204112896,ibrahim_iblim,"@hinaanjum94 
Shaitaan pakar leta hai chori ko xP. Maaf kia gaya kyun aap director hain xD",none,"Sat Apr 05 21:23:12 +0000 2014",,,,,
https://twitter.com/shantibhawan/status/452557098388185088,shantibhawan,"@SwamiBabaRamdev Ramdevji-""door tudoor""/dur janese aap dur 2 nehi hojayengedilse..Rgds-may god bee wid jko rak hey sai-ya mar-sak-o naa koi""",none,"Sat Apr 05 21:23:15 +0000 2014",,,,,
https://twitter.com/Agent_PM/status/452557131598659584,Agent_PM,"RT @tweetfromRaghu: Pls don't vote for aap coz you're Muslim. Vote coz you believe they are neither corrupt, nor communal. @AhmedK http:/",none,"Sat Apr 05 21:23:22 +0000 2014",,,,,
https://twitter.com/maindesihoon/status/452557177354735616,maindesihoon,"@usman2901 ha ha main samjha aaj tweeter par nahen aao gay aap @atifjamal4",none,"Sat Apr 05 21:23:33 +0000 2014",,,,,
https://twitter.com/Ihvanim38/status/452557256610299905,Ihvanim38,"@Ihvanim38 favlayan 4 kii birer ff  be fav aapn",none,"Sat Apr 05 21:23:52 +0000 2014",,,,,
https://twitter.com/FareehaJahangir/status/452557393550131200,FareehaJahangir,"@CallMeHummee Yaar aap hamaisha mujhe meri offline tweet pey kyun mention kartay hou? Sari flow kharab hojati hai. .-.",none,"Sat Apr 05 21:24:25 +0000 2014",,,,,
https://twitter.com/Shehzad_Ulhaq/status/452557425972088832,Shehzad_Ulhaq,"@abeeramahek @wasimra0 : phir aap bachi ho...?",none,"Sat Apr 05 21:24:33 +0000 2014",,,,,
https://twitter.com/rashu_singh/status/452557574512971776,rashu_singh,"@MadaanJitender no boundation jitna aap de sako or logo ko jod sako #AAP se","aap ","Sat Apr 05 21:25:08 +0000 2014",17.3175123,58.9040145,,,
https://twitter.com/sakinasaify1/status/452557638127984640,sakinasaify1,"RT @GauaharKhan_Net: @Arpitashah16:  @FCKusGau @GauaharKhan_Net  guys aap lg ignre kr rhe ho?? No frce dear.. Nupz not at all babes !! Am",none,"Sat Apr 05 21:25:23 +0000 2014",,,,,
https://twitter.com/HARDIKS/status/452557744407461888,HARDIKS,"RT @Yadav7777Vivek: @bbgarg7 aap party candidate javed jafri actor  giving bribe of 1000 Rs to a rickshaw man to press jhadu button http://",none,"Sat Apr 05 21:25:49 +0000 2014",,,,,
https://twitter.com/PIYUSH4BJP/status/452557871863975936,PIYUSH4BJP,"@jaavedjaaferi @ArvindKejriwal Jaaved Sahab: Aisi baat hain toh humhei khushi hoti if aap kisi bhrast congress diggaj ke khilaf chunav ladte",none,"Sat Apr 05 21:26:19 +0000 2014",,,,,
https://twitter.com/navdeepv132r/status/452557893334605824,navdeepv132r,"@KapilSharmaK9 bhaiya muje aap s jada kuch nhi chaiye bs aap ka saat chaiye ek bar ungli pakad ke chlna sikha do bhaiya plz baat karo plz..",none,"Sat Apr 05 21:26:24 +0000 2014",,,,,
https://twitter.com/kaminirupani/status/452557905963671552,kaminirupani,"Give kejriwal a Fish n he will accuse Modi of Fishing for votes..#BlameItOnModi #AabKiBaarModiSarkar","blameitonmodi aabkibaarmodisarkar ","Sat Apr 05 21:26:27 +0000 2014",,,,,
https://twitter.com/MadaanJitender/status/452557914012516353,MadaanJitender,"@rashu_singh aap ne kis area se aap join ki hai mam",none,"Sat Apr 05 21:26:29 +0000 2014",,,,,
https://twitter.com/zulaikhask/status/452558008388976640,zulaikhask,"@SAfridiOfficial mashallah aap ki selfies kaafi achi hoti hain aur lagaya karein",none,"Sat Apr 05 21:26:51 +0000 2014",,,,,
https://twitter.com/HARDIKS/status/452558042823790592,HARDIKS,""" aap party candidate javed jafri giving bribe of 1000 Rs to a rickshaw man to press jhadu button http://t.co/AwyHtO8wVd""@sambitswaraj",none,"Sat Apr 05 21:27:00 +0000 2014",72.8759697,19.2140189,,,
https://twitter.com/Ranajitbhai/status/452558052164509697,Ranajitbhai,"Icc t20 would cup final. I hope india wine. Friend's aap logoko kialagta hai india jitegi? ?????????",none,"Sat Apr 05 21:27:02 +0000 2014",,,,,
https://twitter.com/navdeepv132r/status/452558066748108800,navdeepv132r,"@KapilSharmaK9 .plz bhaiya ungli pakad kr or thoda saat dekr mari help kardo plz zindgi m her jit paa lunga bhaiya bs aap ka saat chaiye plz",none,"Sat Apr 05 21:27:05 +0000 2014",,,,,
https://twitter.com/iamhab/status/452558086897553408,iamhab,"@SoniiSalman hahaha...haan dil mai bhut kuch ta kehne ko lakin unglio tak paoch nahi paye :D
miss u too dear...mai tek hu aur aap ?",none,"Sat Apr 05 21:27:10 +0000 2014",,,,,
https://twitter.com/KuchNaiHota/status/452558138588545024,KuchNaiHota,"@joLly_DolLly i'm fine cheeti aap sunao",none,"Sat Apr 05 21:27:23 +0000 2014",,,,,
https://twitter.com/InsaneAadmi/status/452558169529540608,InsaneAadmi,"@samiya_asif Maine aapko pareshan karna hai jab tak aap class nahin lete meri. Lulz, maan jao.",none,"Sat Apr 05 21:27:30 +0000 2014",,,,,
https://twitter.com/navdeepv132r/status/452558202161205248,navdeepv132r,"@KapilSharmaK9 bhaiya aap ki badi yaad aati hai plz bhaiya baat karona mujse plz bhaiya phone&lt;7566995591,saat dona bhaiya mera....",none,"Sat Apr 05 21:27:38 +0000 2014",,,,,
https://twitter.com/poll4LSelec2014/status/452558236223545345,poll4LSelec2014,"http://t.co/lmCprIB2q9 #aap Women are safer in Maharashtra than BJP-ruled states: RR Patil http://t.co/i9Wd2A60Up","aap ","Sat Apr 05 21:27:46 +0000 2014",,,,,
https://twitter.com/_AbhishekGhosh/status/452558246549929984,_AbhishekGhosh,"Truth of #Kejriwal http://t.co/Y68skQsZPz #ak49 #aaptards #aap","kejriwal ak49 aaptards aap ","Sat Apr 05 21:27:48 +0000 2014",,,,,
https://twitter.com/mehtakshitij/status/452558333174509568,mehtakshitij,"Aap ki Adalat #ThreeEpicWords @abpnewstv #aapkiaadalat","threeepicwords aapkiaadalat ","Sat Apr 05 21:28:09 +0000 2014",,,,,
https://twitter.com/ShuaibAzhar/status/452558352942264320,ShuaibAzhar,"@maindesihoon main khud THE BOOK THIEF dekh raha hun, kaafi achi movie hey, im half way through, aap ko b recommend kr ra hun...",none,"Sat Apr 05 21:28:14 +0000 2014",,,,,
https://twitter.com/dikkekusjamiexx/status/452558439064293376,dikkekusjamiexx,"@Just_Jessey015 vraag dr kaulo aap",none,"Sat Apr 05 21:28:34 +0000 2014",,,,,
https://twitter.com/besttfriendz/status/452558449004785664,besttfriendz,"@Qasimkhaan2 @SajadVi 
Main tu teek hoon allah kay karam say aap sunao
Kaam sham kaise chal raha hai",none,"Sat Apr 05 21:28:37 +0000 2014",,,,,
https://twitter.com/jvsk3/status/452558456868700160,jvsk3,"RT @aap_activist: @AamAadmiParty e-volunteers creating Kejriwal storm online.

http://t.co/IdDaVwjEwi

I salute co e-volunteers. Feels Grea",none,"Sat Apr 05 21:28:38 +0000 2014",,,,,
https://twitter.com/kavita2680/status/452558496341315584,kavita2680,"RT @HARDIKS: "" aap party candidate javed jafri giving bribe of 1000 Rs to a rickshaw man to press jhadu button http://t.co/AwyHtO8wVd""@samb",none,"Sat Apr 05 21:28:48 +0000 2014",,,,,
https://twitter.com/fizzanazar/status/452558606404427776,fizzanazar,"@kashh_if  toh aap nahi kare gay -_-",none,"Sat Apr 05 21:29:14 +0000 2014",,,,,
https://twitter.com/ZubairKhanzada1/status/452558620387844096,ZubairKhanzada1,"RT @KhurramRaajput: Jo apnay Army chief ki help nae kr sktay wo meri ya aap ki kia krain gey? #MusharrafTreasonCase","musharraftreasoncase ","Sat Apr 05 21:29:17 +0000 2014",,,,,
https://twitter.com/ronnie_vats/status/452558626347970560,ronnie_vats,"@vanziiiee aap unko ignoriya dijiye  :D",none,"Sat Apr 05 21:29:19 +0000 2014",,,,,
https://twitter.com/navdeepv132r/status/452558811039936513,navdeepv132r,"@KapilSharmaK9 bhaiya aap bhut saaf dil insan ho or humesha ase hi rhoge muje pata aap bhut ache ho bhaiya
plz bhaiya bat karona plz mujse",none,"Sat Apr 05 21:30:03 +0000 2014",,,,,
https://twitter.com/rakeshranjan04/status/452558978078089216,rakeshranjan04,"RT @ManuSharma_MS: @AapKiAfshan ye bjp ka internal provlem hai actual mai  aap dhyan se padho to pata chalega its mo-DIVISION   ",none,"Sat Apr 05 21:30:43 +0000 2014",,,,,
https://twitter.com/MadaanJitender/status/452559059313373186,MadaanJitender,"@rashu_singh aap ne pucha 18 ke nai ho party join nai ki to mne bi pch lya kaha se aap ne join kya",none,"Sat Apr 05 21:31:02 +0000 2014",,,,,
https://twitter.com/spiritneeraj/status/452559069832675328,spiritneeraj,"RT @aap_activist: @AamAadmiParty e-volunteers creating Kejriwal storm online.

http://t.co/IdDaVwjEwi

I salute co e-volunteers. Feels Grea",none,"Sat Apr 05 21:31:05 +0000 2014",,,,,
https://twitter.com/assi_21/status/452559091068846081,assi_21,"@SuhairKhan1 thanks for the tweet ^_^

btw kahan ki rehne wali hou aap? Where do you live?  :O",none,"Sat Apr 05 21:31:10 +0000 2014",,,,,
https://twitter.com/YashSaini91/status/452559097749983232,YashSaini91,"RT @rajputonrock: Amazing #AAP energy on the streets of Gondia!! #NCP clock will witness bad times ahead. @mayankgandhi04 @aapkipreeti http","aap ncp ","Sat Apr 05 21:31:11 +0000 2014",,,,,
https://twitter.com/Ckt321/status/452559219942645760,Ckt321,"@ahlvled_ hahaha yaar ussy bandar ki shakal waaly sy hi shadi krni ha to krny 2 aap",none,"Sat Apr 05 21:31:40 +0000 2014",,,,,
https://twitter.com/kakupardhaan/status/452559258551197696,kakupardhaan,"@SunnyLeone  arvind kejriwal and @sunny leone BoTh have one Goal TranparencY in puBlic liFe #realTalk","realtalk ","Sat Apr 05 21:31:50 +0000 2014",,,,,
https://twitter.com/HaadeaP/status/452559365892231168,HaadeaP,"@haiderness @beachplsk @jiwohiteddy Haider. Dil tor re ho aap bohot se logon ka.
Allah poochayga.",none,"Sat Apr 05 21:32:15 +0000 2014",,,,,
https://twitter.com/rahulmishr18/status/452559409764241408,rahulmishr18,"aap is best in dramma so its name will be #aap ka drama #ModiVision","aap modivision ","Sat Apr 05 21:32:26 +0000 2014",,,,,
https://twitter.com/navdeepv132r/status/452559474650128384,navdeepv132r,"@KapilSharmaK9 aap m vo ghmand kabhi nhi aayega bhaiya jo dusre super stare m hai.ap n bahu dukh dekha hai apni lyf m aaj usi k hakdar ho ap",none,"Sat Apr 05 21:32:41 +0000 2014",,,,,
https://twitter.com/WeezyBachi/status/452559496796467200,WeezyBachi,"@B0rNFLirt Angootha phir bhi uss cheez se tou behtar hai jo aap choostay hain. :)",none,"Sat Apr 05 21:32:46 +0000 2014",,,,,
https://twitter.com/LiteraryBadass/status/452559512084299776,LiteraryBadass,"@Alllahdin aap din mein bakchodi krte ho. Hume raat mein to krne do. :p",none,"Sat Apr 05 21:32:50 +0000 2014",,,,,
https://twitter.com/AAPYUVA/status/452559584880623616,AAPYUVA,"Gujrat Ahmedabad East Dinesh Waghela #babatile GOA is safe now 
AAP have hope they will win in GOA ...@aapkarajiv @jaydeep3199 @tweet_mit","babatile ","Sat Apr 05 21:33:07 +0000 2014",,,,,
https://twitter.com/IdiOt_B/status/452559642850111488,IdiOt_B,"@BurgerrB mahodya aap kosis karen hum aapke sath hain :P",none,"Sat Apr 05 21:33:21 +0000 2014",,,,,
https://twitter.com/gindubassi74/status/452559648911282176,gindubassi74,"@priyanka_dear  ohhhh  sare   gam  aap ko he hai  kya",none,"Sat Apr 05 21:33:23 +0000 2014",,,,,
https://twitter.com/BeingDeen/status/452559666866696192,BeingDeen,"RT @tweetfromRaghu: From the time aap has entered politics, cong &amp; BJP have been playing sorry against them (as usual) and spreading one li",none,"Sat Apr 05 21:33:27 +0000 2014",,,,,
https://twitter.com/MeghnaRMoghul/status/452559670306422785,MeghnaRMoghul,"@DEEPAK88822 eh the pics are mine. 
Lekin ye sab aap ko nazar a raha hai..",none,"Sat Apr 05 21:33:28 +0000 2014",,,,,
https://twitter.com/subhadi123/status/452559715050848256,subhadi123,"@KushalT2803 @preeti_simoes bhai aap humse chat kyoun nahin karte? sirf apne doston ko rpl dete hain #KushalOnKKK #KKKonColors","kushalonkkk kkkoncolors ","Sat Apr 05 21:33:38 +0000 2014",,,,,
https://twitter.com/AapGhumaKeLeyLo/status/452559719417143297,AapGhumaKeLeyLo,"@kitzzzzz Iss tweet ke liye mera 70th birthday aap ke naam!",none,"Sat Apr 05 21:33:39 +0000 2014",,,,,
https://twitter.com/Saad_WR10/status/452559744327503873,Saad_WR10,"Sunday is here. The kushi. Ab ya bataow aap ko.",none,"Sat Apr 05 21:33:45 +0000 2014",74.40494997,31.48345287,,,
https://twitter.com/_AbhishekGhosh/status/452559805883109378,_AbhishekGhosh,"#Kejriwal #Liar http://t.co/yxGVGz3aM8 #bhagodakejri #aaptards","kejriwal liar bhagodakejri aaptards ","Sat Apr 05 21:34:00 +0000 2014",,,,,
https://twitter.com/Aich_Mufc/status/452559828972748800,Aich_Mufc,"Aaj se Lindegaard aap sab ka behnoi hai.",none,"Sat Apr 05 21:34:06 +0000 2014",,,,,
https://twitter.com/navdeepv132r/status/452559862753284096,navdeepv132r,"@KapilSharmaK9  bhaiya muje aap ka show live dekhna hai mari koi help ni kar rha hai plz bhaiya help kardona plz plz bhaiya bhut bhtak liya&lt;",none,"Sat Apr 05 21:34:14 +0000 2014",,,,,
https://twitter.com/OFBJPAus/status/452559966088339456,OFBJPAus,"AAP's NRI funding line dries up as affluent overseas donors say they 'regret' backing the party @AamAadmiParty
http://t.co/aap6LXv87n",none,"Sat Apr 05 21:34:38 +0000 2014",,,,,
https://twitter.com/BeingDeen/status/452560017711849472,BeingDeen,"RT @tweetfromRaghu: Pls don't vote for aap coz you're Muslim. Vote coz you believe they are neither corrupt, nor communal. @AhmedK http:/",none,"Sat Apr 05 21:34:51 +0000 2014",,,,,
https://twitter.com/DEEPAK88822/status/452560052025438208,DEEPAK88822,"@MeghnaRMoghul ...kuch to nazar aaraha hai...kitna sahi dekh raha hu ye sirf aap hi bata sakti ho",none,"Sat Apr 05 21:34:59 +0000 2014",,,,,
https://twitter.com/navdeepv132r/status/452560072904699904,navdeepv132r,"@KapilSharmaK9  bhaiya aap ki badi yaad aati hai plz bhaiya baat karona mujse plz bhaiya phone&lt;7566995591,saat dona bhaiya mera....&gt;",none,"Sat Apr 05 21:35:04 +0000 2014",,,,,
https://twitter.com/kalowski/status/452560186788839424,kalowski,"Are Southampton sponsored by aap, the company that made the Popeye cartoons? 
http://t.co/TR9Aq3PI63",none,"Sat Apr 05 21:35:31 +0000 2014",,,,,
https://twitter.com/AurTaha/status/452560240123600897,AurTaha,"@K3wlbwoyy @CallMeNini_ Pakistan bh India mai tha phlu. Agy aap khud smjhdar hain.",none,"Sat Apr 05 21:35:44 +0000 2014",,,,,
https://twitter.com/SayU4ham/status/452560265968906240,SayU4ham,"#ALI
aap ki doshmani qabol mujh
aap ki dosti say darta hoon
aap jasy b sanam hai maery
main to bas aap he py marta hoon","ali ","Sat Apr 05 21:35:50 +0000 2014",,,,,
https://twitter.com/Amaaall__/status/452560281336832002,Amaaall__,"@Tetouanii_: @yaasmin_el @amaaall__  hahahahhaaha lekker man ik komm deze week met jullie chillen - Kom aap.",none,"Sat Apr 05 21:35:53 +0000 2014",,,,,
https://twitter.com/MadaanJitender/status/452560324932034560,MadaanJitender,"@rashu_singh aisi koi baat nai hai agr aap kaho to mai aap ko apni behan bana lunga",none,"Sat Apr 05 21:36:04 +0000 2014",,,,,
https://twitter.com/Yaasmin_EL/status/452560410315849729,Yaasmin_EL,"RT @Amaaall__: @Tetouanii_: @yaasmin_el @amaaall__  hahahahhaaha lekker man ik komm deze week met jullie chillen - Kom aap.",none,"Sat Apr 05 21:36:24 +0000 2014",,,,,
https://twitter.com/R4Kothari/status/452560526413803520,R4Kothari,"Jaha char yaar (inc,aap,sp,left) ghabraye waha mukabla hai mazedaar #abkibaarmodisarkaar","abkibaarmodisarkaar ","Sat Apr 05 21:36:52 +0000 2014",,,,,
https://twitter.com/ranjanpoudyal1/status/452560556374097920,ranjanpoudyal1,"@gajjarmonal ye humesa cuTe chiz aap hi ko kyoun milta hai...hume kyoun nAhi....? ;-) haaaain.....?",none,"Sat Apr 05 21:36:59 +0000 2014",,,,,
https://twitter.com/mianjawad36/status/452560620605673472,mianjawad36,"@ApkayButtsaab : Machhar bhi aap se ishaq kar tha hai hahahh",none,"Sat Apr 05 21:37:14 +0000 2014",,,,,
https://twitter.com/Dosntanyonecare/status/452560695025221633,Dosntanyonecare,"bewkoof log sote hain. Agar aap samajhdar hain tou mat sona.",none,"Sat Apr 05 21:37:32 +0000 2014",,,,,
https://twitter.com/Monak2014/status/452560772523384833,Monak2014,"@KushalT2803 tu ne mari entrian to dil me bji ghntian!hui nai abi entry aap ki doll ki?",none,"Sat Apr 05 21:37:51 +0000 2014",,,,,
https://twitter.com/syednadirfawwad/status/452560808875425792,syednadirfawwad,"~ Chutyaape Ki Logic Par Amal Kar K Aap Bhtt Jaldi Chutya Ban Skte Hain 
Shukria",none,"Sat Apr 05 21:37:59 +0000 2014",,,,,
https://twitter.com/metu444/status/452560905901850624,metu444,"@sanjaynirupam i am great ftiend of your i am woeking for aap at vapi gujarat.",none,"Sat Apr 05 21:38:22 +0000 2014",72.9044175,20.3753851,,,
https://twitter.com/NikhilGunani/status/452561012214878208,NikhilGunani,"RT @anilnindawat: Even Shri Shri RaviShanker also opposes aap #ModiVision @narendramodi @RajeVasundhara @India272 @120croreHindus http://t.","modivision ","Sat Apr 05 21:38:48 +0000 2014",,,,,
https://twitter.com/ssonvir/status/452561176967536640,ssonvir,"RT @tweetfromRaghu: Pls don't vote for aap coz you're Muslim. Vote coz you believe they are neither corrupt, nor communal. @AhmedK http:/",none,"Sat Apr 05 21:39:27 +0000 2014",,,,,
https://twitter.com/bhasker13/status/452561218075893760,bhasker13,"RT @hukam_rawat: Arvind kejriwal Aam aadmi party Faridabad Road Show, http://t.co/IAHbN2KSwt",none,"Sat Apr 05 21:39:37 +0000 2014",,,,,
https://twitter.com/coolprabhat1/status/452561233070149632,coolprabhat1,"RT @aap_activist: @AamAadmiParty personal connect with the last man in the chain, ""challenges Modi wave""
http://t.co/BZJyoraeyJ
AAP is comi",none,"Sat Apr 05 21:39:40 +0000 2014",,,,,
https://twitter.com/HARDIKS/status/452561240338857984,HARDIKS,""" aap party candidate javed jafri giving bribe of 1000 Rs to a rickshaw man to press jhadu button http://t.co/AwyHtO8wVd""@nanditathhakur",none,"Sat Apr 05 21:39:42 +0000 2014",,,,,
https://twitter.com/dialPaul/status/452561293170339840,dialPaul,"May B Right @sardesairajdeep But Keep In Record -In Mid Term Poll Well B4 2019 @arvindkejriwal Will B In #AAP Heart EveryWhere @jaypn2009","aap ","Sat Apr 05 21:39:55 +0000 2014",,,,,
https://twitter.com/bhasker13/status/452561293309145088,bhasker13,"RT @rajputonrock: Amazing #AAP energy on the streets of Gondia!! #NCP clock will witness bad times ahead. @mayankgandhi04 @aapkipreeti http","aap ncp ","Sat Apr 05 21:39:55 +0000 2014",,,,,
https://twitter.com/drhouse00/status/452561315597660160,drhouse00,"sb ne tareef ki to main bhi le aya mospel
kiunke mospel bananay walay apna ye paigham dete hain k

""machar aap se door
rehne par majboor""",none,"Sat Apr 05 21:40:00 +0000 2014",,,,,
https://twitter.com/faizydubai/status/452561449529774080,faizydubai,"@iamsrk  shah rukh bhai aap ka jo palm jumeirah me ghar ha wahan aap ko ek baar dekha tha bilkul opp wala ghar mere couzin ka ha...",none,"Sat Apr 05 21:40:32 +0000 2014",,,,,
https://twitter.com/CMD___x/status/452561465254637568,CMD___x,"Leuke avond gehad nu wachten op me aap",none,"Sat Apr 05 21:40:36 +0000 2014",,,,,
https://twitter.com/riaroar/status/452561543503560704,riaroar,"RT @drhouse00: sb ne tareef ki to main bhi le aya mospel
kiunke mospel bananay walay apna ye paigham dete hain k

""machar aap se door
rehne",none,"Sat Apr 05 21:40:54 +0000 2014",,,,,
https://twitter.com/javeriaw7/status/452561663548719104,javeriaw7,"@KamiAkmal23 I think bro aap  b reply karte ho",none,"Sat Apr 05 21:41:23 +0000 2014",,,,,
https://twitter.com/KhurramRaajput/status/452561665570406400,KhurramRaajput,"Dear @P_Musharraf 
Jeeeet aap ka Muqadar hai. Yeah ghadar kehnay walay khud zaleel u ruswa hoon gy bht jald. InshAllah
#MusharrafTreasonCase","musharraftreasoncase ","Sat Apr 05 21:41:23 +0000 2014",,,,,
https://twitter.com/rukkiaaziz/status/452561688278343680,rukkiaaziz,"@SAfridiOfficial Lagta hai waqe so gai aap me late online hoi hun:(",none,"Sat Apr 05 21:41:29 +0000 2014",,,,,
https://twitter.com/besttfriendz/status/452561929928974336,besttfriendz,"@Qasimkhaan2 @SajadVi 
Not bad I did my exams last week ...dekhty hain kya hota hain...apne aap say buhat sary umeedy hain:()",none,"Sat Apr 05 21:42:26 +0000 2014",,,,,
https://twitter.com/kavita2680/status/452561947402072064,kavita2680,"RT @HARDIKS: "" aap party candidate javed jafri giving bribe of 1000 Rs to a rickshaw man to press jhadu button http://t.co/AwyHtO8wVd""@nand",none,"Sat Apr 05 21:42:31 +0000 2014",,,,,
https://twitter.com/ShahBazaade/status/452561988770869248,ShahBazaade,"@shahinmalikk @CasualSamiRabi Yeh fair nahi hai bestiee hoke kuch nahi donge aap..:P par mein dunga free mein biryani :P pillow fight haan;)",none,"Sat Apr 05 21:42:40 +0000 2014",,,,,
https://twitter.com/KHAN_JOKE/status/452562005803560960,KHAN_JOKE,"'Sardar ki bv ne rat ka khana
road pe laga dia, Srdr ne pocha
ye kia kiya ha Srdr ki bv:aap ne
to kaha tha k aj rat khana bahir
khenge",none,"Sat Apr 05 21:42:45 +0000 2014",,,,,
https://twitter.com/miss_301/status/452562023055114240,miss_301,"RT @mianjawad36: Life aik game hai bas depend karta hai aap is ko kis tarha khelna chayte hai",none,"Sat Apr 05 21:42:49 +0000 2014",,,,,
https://twitter.com/IsMaiGhalatKia/status/452562040780230657,IsMaiGhalatKia,"RT @syednadirfawwad: ~ Chutyaape Ki Logic Par Amal Kar K Aap Bhtt Jaldi Chutya Ban Skte Hain 
Shukria",none,"Sat Apr 05 21:42:53 +0000 2014",,,,,
https://twitter.com/ZiTALittleGirl/status/452562088234209280,ZiTALittleGirl,"@BakwasTweets HAHAHAHAHAHAHAHA arey ab to aap shrmnda kr rhe hain ;P hahaha chalen phr 1 n half aap ka aur half mera..Jo usool hai xD xD",none,"Sat Apr 05 21:43:04 +0000 2014",,,,,
https://twitter.com/adnan7860786/status/452562134665543681,adnan7860786,"RT @parmeetsethi: I look at kejriwal and I think this is how mohandas karamchand gandhi must have been like. Both dared to change the world!",none,"Sat Apr 05 21:43:15 +0000 2014",,,,,
https://twitter.com/CallMeNini_/status/452562155951624192,CallMeNini_,"@TABLXXXIX or baat kya hui he ye batane ki zehmat kare ge aap ??",none,"Sat Apr 05 21:43:20 +0000 2014",,,,,
https://twitter.com/navdeepv132r/status/452562231230623744,navdeepv132r,"@charu_143 di mane kya bigada hai aap ka aap mere saat esa kyo kr rhe ho plz di help me na,,,",none,"Sat Apr 05 21:43:38 +0000 2014",,,,,
https://twitter.com/alpeshpatel80/status/452562420708687873,alpeshpatel80,"RT @HARDIKS: "" aap party candidate javed jafri giving bribe of 1000 Rs to a rickshaw man to press jhadu button http://t.co/AwyHtO8wVd""@nand",none,"Sat Apr 05 21:44:23 +0000 2014",,,,,
https://twitter.com/spark786111/status/452562571217076224,spark786111,"RT @KhurramRaajput: Dear @P_Musharraf 
Jeeeet aap ka Muqadar hai. Yeah ghadar kehnay walay khud zaleel u ruswa hoon gy bht jald. InshAllah
","musharraftreasoncase ","Sat Apr 05 21:44:59 +0000 2014",,,,,
https://twitter.com/navdeepv132r/status/452562598584528897,navdeepv132r,"@charu_143 plz di esa mat karo aap hi k sahare tha m cnwk m jane k liye or aap n bhi chit kar li mare saat plz di esa mat karo plz plz di",none,"Sat Apr 05 21:45:06 +0000 2014",,,,,
https://twitter.com/Andrenap83Elmal/status/452562639806537728,Andrenap83Elmal,"Agar aap PTIradio Iphone pay chalana chahtay hain to Puffin download karein Iphone par uspay chal jata hai AlynaAdeel",none,"Sat Apr 05 21:45:16 +0000 2014",,,,,
https://twitter.com/chainacoffeemug/status/452562693635850240,chainacoffeemug,"@Adnanq_75 Lagega aapka number bhi lagega. Aap qataaaar main hai. Dubai main bhi. :D",none,"Sat Apr 05 21:45:29 +0000 2014",,,,,
https://twitter.com/rahul_6151/status/452562751638876160,rahul_6151,"@kapsology @Swamy39 Kejriwal aise mil jaata to Kejriwal se asteefa aur Mrs kejriwal se divorce maang lete BJP wale...",none,"Sat Apr 05 21:45:42 +0000 2014",,,,,
https://twitter.com/karansanju/status/452562880052088833,karansanju,"@bastar4aap @AamAadmiParty #sonisori who gaya beda garg, aap ke saath ye sapna sapna he rah jayega","sonisori ","Sat Apr 05 21:46:13 +0000 2014",,,,,
https://twitter.com/abd_sidd/status/452562931121922048,abd_sidd,"@AyeshaMerchant_ Aap ko pata hoga khandan walay aap hain :p",none,"Sat Apr 05 21:46:25 +0000 2014",,,,,
https://twitter.com/Annebaukjex/status/452562948956106752,Annebaukjex,"@GerbenRoorda wat tweet je nou weer op mijn account juh domme aap",none,"Sat Apr 05 21:46:29 +0000 2014",,,,,
https://twitter.com/CMundkar/status/452562971168763904,CMundkar,"RT @tweetfromRaghu: From the time aap has entered politics, cong &amp; BJP have been playing sorry against them (as usual) and spreading one li",none,"Sat Apr 05 21:46:35 +0000 2014",,,,,
https://twitter.com/drhouse00/status/452563010415259651,drhouse00,"@NakarOye faasla rakhein nahi to aap ki asal shakal nazar aa jae gi :p #LT","lt ","Sat Apr 05 21:46:44 +0000 2014",,,,,
https://twitter.com/Dosntanyonecare/status/452563014190112768,Dosntanyonecare,"@haniashahzad khala aap sojaien.",none,"Sat Apr 05 21:46:45 +0000 2014",,,,,
https://twitter.com/abd_sidd/status/452563095547027456,abd_sidd,"@AyeshaMerchant_ aap ke bughair shadi adhoori hai :p",none,"Sat Apr 05 21:47:04 +0000 2014",,,,,
https://twitter.com/Rafi_Ahmad_Says/status/452563177121656832,Rafi_Ahmad_Says,"@AnkitaChitnis aap kahte hoto #ThreeEpicWords","threeepicwords ","Sat Apr 05 21:47:24 +0000 2014",,,,,
https://twitter.com/wonderores/status/452563294193061888,wonderores,"RT @muntaziraapka: ""@Vidyut: Thousands of AAP supporters organized quitting AAP without any1 not quitting coming 2know. Kitna bewakoof bana","teamfeku ","Sat Apr 05 21:47:52 +0000 2014",,,,,
https://twitter.com/meherzaa/status/452563348505108480,meherzaa,"@rajkbakshi Lucknow ko aap jahan gaye hai lekar gaye hain,

Ye mehroomi nahi paas, Wafa hai
Koi tere siwa dekha nahi jaaye !!",none,"Sat Apr 05 21:48:05 +0000 2014",,,,,
https://twitter.com/CMundkar/status/452563548195913728,CMundkar,"RT @tweetfromRaghu: Pls don't vote for aap coz you're Muslim. Vote coz you believe they are neither corrupt, nor communal. @AhmedK http:/",none,"Sat Apr 05 21:48:52 +0000 2014",,,,,
https://twitter.com/Uzair_Uzzy/status/452563690739728384,Uzair_Uzzy,"@MrsAsif2714 Assalam o Alikum Aapa ji :)) Kesi hain aap??",none,"Sat Apr 05 21:49:26 +0000 2014",,,,,
https://twitter.com/Aditya767484/status/452563789045460993,Aditya767484,"@iPoonampandey yaar pls aap hame majbur karti ho galat karne ko",none,"Sat Apr 05 21:49:50 +0000 2014",,,,,
https://twitter.com/AyeshaMerchant_/status/452563846306480129,AyeshaMerchant_,"@abd_sidd Tou aap hain na paise waleyyyy XD usey naachne laga do khud hi paise kama le ga apne thumkon se",none,"Sat Apr 05 21:50:03 +0000 2014",,,,,
https://twitter.com/maneeshsm3/status/452563858863841280,maneeshsm3,"@narendramodi Aap walo aap toh Kashmir dene nikle ho... AAP k bap ka hai Kashmir?? Bakwas chod yar #isbarmodisarkar","isbarmodisarkar ","Sat Apr 05 21:50:06 +0000 2014",,,,,
https://twitter.com/AhmetSaelar/status/452563901662900225,AhmetSaelar,"@MorpheusSaad HAHAHHA do din tk barhroom nai gaya tha aap ka bhai us ke baad hahahaha!",none,"Sat Apr 05 21:50:17 +0000 2014",,,,,
https://twitter.com/iDezineDreams/status/452563924597354496,iDezineDreams,"@Shararti_larki jab twtr app switch kro to aap present, lol",none,"Sat Apr 05 21:50:22 +0000 2014",,,,,
https://twitter.com/BunnyRocks123/status/452563980607700992,BunnyRocks123,"@SumairaJajja kon se sheher mein hain aap ?",none,"Sat Apr 05 21:50:35 +0000 2014",,,,,
https://twitter.com/coolprabhat1/status/452564019430182912,coolprabhat1,"RT @aap_activist: @AamAadmiParty e-volunteers creating Kejriwal storm online.

http://t.co/IdDaVwjEwi

I salute co e-volunteers. Feels Grea",none,"Sat Apr 05 21:50:45 +0000 2014",,,,,
https://twitter.com/hisbani_w/status/452564065085554688,hisbani_w,"a ny aap k leay kitne pyare din ka aagaaz kia hai
       ,,*,,*,,
    ,,*        *,,
 ,,*   GooD   *,,
  *,,MorninG,,*
     *,,       ,, ...",none,"Sat Apr 05 21:50:56 +0000 2014",,,,,
https://twitter.com/maindesihoon/status/452564132295094272,maindesihoon,"@usman2901 @atifjamal4  Atif bhai koi gap shap hi sunao phir aap kay sonay ka time ho jana",none,"Sat Apr 05 21:51:12 +0000 2014",,,,,
https://twitter.com/AhmetSaelar/status/452564156081000448,AhmetSaelar,"@winged_scapula star bhi aap ne wese barhi hi fit cheez ki hai hahahaha",none,"Sat Apr 05 21:51:17 +0000 2014",,,,,
https://twitter.com/ZiTALittleGirl/status/452564231234129920,ZiTALittleGirl,"@BakwasTweets ok phr meri jo raalen bahengi na? Unke neeche aap ka burger hi rkhungi me xD xD ;P LMAO",none,"Sat Apr 05 21:51:35 +0000 2014",,,,,
https://twitter.com/HeyIamOlaf/status/452564270287290368,HeyIamOlaf,"RT @drhouse00: sb ne tareef ki to main bhi le aya mospel
kiunke mospel bananay walay apna ye paigham dete hain k

""machar aap se door
rehne",none,"Sat Apr 05 21:51:44 +0000 2014",,,,,
https://twitter.com/asmisrkholic/status/452564335018008576,asmisrkholic,"RT @tweetfromRaghu: Pls don't vote for aap coz you're Muslim. Vote coz you believe they are neither corrupt, nor communal. @AhmedK http:/",none,"Sat Apr 05 21:52:00 +0000 2014",,,,,
https://twitter.com/waleednasir00/status/452564417021247488,waleednasir00,"RT @drhouse00: sb ne tareef ki to main bhi le aya mospel
kiunke mospel bananay walay apna ye paigham dete hain k

""machar aap se door
rehne",none,"Sat Apr 05 21:52:19 +0000 2014",,,,,
https://twitter.com/Farziwal/status/452564425694654464,Farziwal,"@buletbaba Laga mere ko ki baba 3 baje raat ko kuch vichitra kar rahe honge. Camera le rahe hain kya baba aap?",none,"Sat Apr 05 21:52:21 +0000 2014",,,,,
https://twitter.com/MiNNiBANGZ/status/452564545266257921,MiNNiBANGZ,"Moest die aap bij wagner halen --""",none,"Sat Apr 05 21:52:50 +0000 2014",,,,,
https://twitter.com/Monak2014/status/452564552333664256,Monak2014,"@KushalT2803 jb aap k dil ki ghntian bjen means k jb apki doll ki entry ho jae to aik tweet ker dena",none,"Sat Apr 05 21:52:52 +0000 2014",,,,,
https://twitter.com/ApkayButtsaab/status/452564566682386433,ApkayButtsaab,"RT @mianjawad36: @ApkayButtsaab : Machhar bhi aap se ishaq kar tha hai hahahh",none,"Sat Apr 05 21:52:55 +0000 2014",,,,,
https://twitter.com/saaadiya_/status/452564599154696192,saaadiya_,"stomme aap je hebt me ontvolgt -__-  Hahhahahahah Soory wie ben je ik ga je weer volgen http://t.co/NTDhb4AtoT",none,"Sat Apr 05 21:53:03 +0000 2014",,,,,
https://twitter.com/ApkayButtsaab/status/452564640606986240,ApkayButtsaab,"""@mianjawad36: @ApkayButtsaab : Machhar bhi aap se ishaq kar tha hai hahahh""saala machar he bacha tha meray liye ",none,"Sat Apr 05 21:53:13 +0000 2014",,,,,
https://twitter.com/Seneesjee_x/status/452564654012006400,Seneesjee_x,"""@Faisalbeats: ""@Seneesjee_x: apendoorn - apeldoorn - apeheul?""heulaap""izan aap",none,"Sat Apr 05 21:53:16 +0000 2014",,,,,
https://twitter.com/shahilesh/status/452564742754693120,shahilesh,"@musaddique888 dua hai aapke bete ko ki allah use sari khushia de lekin aap jaisa use na banaye amen",none,"Sat Apr 05 21:53:37 +0000 2014",,,,,
https://twitter.com/TABLXXXIX/status/452564757284159488,TABLXXXIX,"@CallMeNini_ I think aap isswakt kuch ziada hi busy ho.",none,"Sat Apr 05 21:53:41 +0000 2014",,,,,
https://twitter.com/Faisalbeats/status/452564830910959616,Faisalbeats,"RT @Seneesjee_x: ""@Faisalbeats: ""@Seneesjee_x: apendoorn - apeldoorn - apeheul?""heulaap""izan aap",none,"Sat Apr 05 21:53:58 +0000 2014",,,,,
https://twitter.com/winged_scapula/status/452564837114314752,winged_scapula,"RT @AhmetSaelar: @winged_scapula star bhi aap ne wese barhi hi fit cheez ki hai hahahaha",none,"Sat Apr 05 21:54:00 +0000 2014",,,,,
https://twitter.com/maindesihoon/status/452564873885790208,maindesihoon,"@MrsAsif2714 kia hall aap ka ghar pay sab theek hain ? @usman2901 @miss_301 @JawadAsghar4",none,"Sat Apr 05 21:54:08 +0000 2014",,,,,
https://twitter.com/mnMalhi/status/452564939547611137,mnMalhi,"@ABKool  aww aap tu sach shaaeirs ki tarah sensi hogaye hain :P :D",none,"Sat Apr 05 21:54:24 +0000 2014",,,,,
https://twitter.com/Niqp486Subraman/status/452564994178052096,Niqp486Subraman,"anytime after this weekend aap boliye, kab milinge? besant nagar ke nilgiris bakery mei most of the time chote samose rehte",none,"Sat Apr 05 21:54:37 +0000 2014",,,,,
https://twitter.com/maindesihoon/status/452565107873447936,maindesihoon,"@miss_301 aap kahan chupi hoi theen ? Ya abhi online aai hoo @usman2901 @MrsAsif2714 @JawadAsghar4",none,"Sat Apr 05 21:55:04 +0000 2014",,,,,
https://twitter.com/_DDanial/status/452565123937615872,_DDanial,"@amberschweppe rustiggg aan a aap whatsgaande? emoo",none,"Sat Apr 05 21:55:08 +0000 2014",,,,,
https://twitter.com/hamzaYNWA/status/452565151091539968,hamzaYNWA,"Agar koi legendary shaks single handedly leagie contender banadey to kyaa aap uski worth United ke squad jitni bhi nai rakhsaktay?",none,"Sat Apr 05 21:55:14 +0000 2014",,,,,
https://twitter.com/AnkitaChitnis/status/452565476762066944,AnkitaChitnis,"@SprankerJ aap tweet-chor hai! :P #ThreeEpicWords","threeepicwords ","Sat Apr 05 21:56:32 +0000 2014",,,,,
https://twitter.com/NaveenNBhat/status/452565491706363904,NaveenNBhat,"[206] aap Dude hain. _/\_ #ThreeEpicWords","threeepicwords ","Sat Apr 05 21:56:36 +0000 2014",72.91346,19.13707,,,
https://twitter.com/intangible_soni/status/452565707826679808,intangible_soni,"@ho_iram  Thanks iram !! aap kehti hain to maan leti hoon :P",none,"Sat Apr 05 21:57:27 +0000 2014",,,,,
https://twitter.com/ItmustbeAnwar/status/452565754445971456,ItmustbeAnwar,"@SerwatKhursheed parrh lou aap. :p",none,"Sat Apr 05 21:57:38 +0000 2014",,,,,
https://twitter.com/jwz_tim/status/452565775019425792,jwz_tim,"@Khaddx bijv bouw een raket een mummie gaan slaan de eifel toren op  dingen bedenken die echt niet bestaan we stoppen een aap in het sop",none,"Sat Apr 05 21:57:43 +0000 2014",,,,,
https://twitter.com/mounh_phat/status/452565832967913472,mounh_phat,"@wtfaaluda aap ke mounh main ghee shakkar",none,"Sat Apr 05 21:57:57 +0000 2014",,,,,
https://twitter.com/Mohamme03297541/status/452565890077171713,Mohamme03297541,"@AapYogendra yadavji  what  is aap s calculation about election results.",none,"Sat Apr 05 21:58:11 +0000 2014",,,,,
https://twitter.com/DieGedachtes/status/452565925376819200,DieGedachtes,"@DieGedachtes SSSHT aap",none,"Sat Apr 05 21:58:19 +0000 2014",,,,,
https://twitter.com/fumiditytukPabb/status/452566143404752897,fumiditytukPabb,"anytime after this weekend aap boliye, kab milinge? besant nagar ke nilgiris bakery mei most of the time chote samose rehte",none,"Sat Apr 05 21:59:11 +0000 2014",,,,,
https://twitter.com/Khaddx/status/452566264595365888,Khaddx,"RT @jwz_tim: @Khaddx bijv bouw een raket een mummie gaan slaan de eifel toren op  dingen bedenken die echt niet bestaan we stoppen een aap ",none,"Sat Apr 05 21:59:40 +0000 2014",,,,,
https://twitter.com/klb_074X/status/452566360133226496,klb_074X,"00'00 voooor die aap @XDwesselXDO_ofg ",none,"Sat Apr 05 22:00:03 +0000 2014",,,,,
https://twitter.com/pinocleabMaepaa/status/452566368005918722,pinocleabMaepaa,"anytime after this weekend aap boliye, kab milinge? besant nagar ke nilgiris bakery mei most of the time chote samose rehte",none,"Sat Apr 05 22:00:05 +0000 2014",,,,,
https://twitter.com/KusjeeLizzyx/status/452566380530126848,KusjeeLizzyx,"Happy b'day kleine aap @renevalenkamp   ",none,"Sat Apr 05 22:00:08 +0000 2014",,,,,
https://twitter.com/AmberKremer/status/452566545521471488,AmberKremer,"0000 de verdrietige downie aap",none,"Sat Apr 05 22:00:47 +0000 2014",,,,,
https://twitter.com/_KusjeNikkii/status/452566566207750144,_KusjeNikkii,"00;00 voor die aap omdat ze bang is  @Roowss_",none,"Sat Apr 05 22:00:52 +0000 2014",,,,,
https://twitter.com/AtulJoshi9/status/452566568099012608,AtulJoshi9,"Sorry ""@ashutosh083B: No ink, slap, or any kind of attack on kejriwal in past 24 hours, seems like our popularity going down day by day.""",none,"Sat Apr 05 22:00:52 +0000 2014",,,,,
https://twitter.com/ho_iram/status/452566590102700032,ho_iram,"@intangible_soni sachi aap ho..mein aksar aap ki discussion twitter per dsikhti hon..achha laga",none,"Sat Apr 05 22:00:58 +0000 2014",,,,,
https://twitter.com/Roowss_/status/452566614635200512,Roowss_,"RT @_KusjeNikkii: 00;00 voor die aap omdat ze bang is  @Roowss_",none,"Sat Apr 05 22:01:03 +0000 2014",,,,,
https://twitter.com/SprankerJ/status/452566614890651649,SprankerJ,"@KAIFULKHAN aur aap purush #ThreeEpicWords","threeepicwords ","Sat Apr 05 22:01:03 +0000 2014",,,,,
https://twitter.com/xGioia_I/status/452566701272727552,xGioia_I,"00:01 voor die aap  @Floriss_APD x",none,"Sat Apr 05 22:01:24 +0000 2014",,,,,
https://twitter.com/QartainBinRauf/status/452566702929498113,QartainBinRauf,"@mahobili Kaisi haen aap haseena?",none,"Sat Apr 05 22:01:24 +0000 2014",,,,,
https://twitter.com/plsxno/status/452566744696381441,plsxno,"00:00 die koala aap bby @xojoellemenzing",none,"Sat Apr 05 22:01:34 +0000 2014",,,,,
https://twitter.com/GAngel1010/status/452566769270390784,GAngel1010,"@SrBachchan aaj kaal aap kid k jese gusssa hote hai. jese mera krivi .haat karke kudh ko hi maar leta hai aur ankh ghooro to kiss kar l h",none,"Sat Apr 05 22:01:40 +0000 2014",,,,,
https://twitter.com/_AbhishekGhosh/status/452566806843359232,_AbhishekGhosh,"RT @memycrazydreams: @SaumitraPaul @MumbaikiGirl Not just money #kejriwal can even say he is from other planet to get publicity ""Such a che","kejriwal ","Sat Apr 05 22:01:49 +0000 2014",,,,,
https://twitter.com/mnaomic/status/452566828074954752,mnaomic,"RT @AmberKremer: 0000 de verdrietige downie aap",none,"Sat Apr 05 22:01:54 +0000 2014",,,,,
https://twitter.com/NoToCoruption/status/452566892558155776,NoToCoruption,"RT @CA_SanjayParmar: Amazing #AAP energy on the streets of Gondia!!
#NCP clock will witness bad times ahead.
@mayankgandhi04
@aapkipreeti h","aap ncp ","Sat Apr 05 22:02:10 +0000 2014",,,,,
https://twitter.com/jvsk3/status/452567171411890176,jvsk3,"RT @aap_activist: @AamAadmiParty on gas prices even does what CBI should do.

http://t.co/NHsskG4Gor

Corruption colluders scared of AAP co",none,"Sat Apr 05 22:03:16 +0000 2014",,,,,
https://twitter.com/intangible_soni/status/452567182854324224,intangible_soni,"RT @ho_iram: @intangible_soni sachi aap ho..mein aksar aap ki discussion twitter per dsikhti hon..achha laga",none,"Sat Apr 05 22:03:19 +0000 2014",,,,,
https://twitter.com/IAMDANILO__/status/452567182762053633,IAMDANILO__,"@xShanty_ hvj aap ",none,"Sat Apr 05 22:03:19 +0000 2014",,,,,
https://twitter.com/ho_iram/status/452567206896099328,ho_iram,"RT @intangible_soni: @ho_iram  Thanks iram !! aap kehti hain to maan leti hoon :P",none,"Sat Apr 05 22:03:25 +0000 2014",,,,,
https://twitter.com/xFrom_Heaven/status/452567291277086721,xFrom_Heaven,"0000 liefste aap @hufali ",none,"Sat Apr 05 22:03:45 +0000 2014",,,,,
https://twitter.com/ho_iram/status/452567355877756928,ho_iram,"@intangible_soni hahaha aap aur aap.ki doston ki...q",none,"Sat Apr 05 22:04:00 +0000 2014",,,,,
https://twitter.com/OhMyHamsaa/status/452567360000761856,OhMyHamsaa,"RT @xkusjeAlexandra: 23:00 aardappel/aap @OhMyHamsaa ",none,"Sat Apr 05 22:04:01 +0000 2014",,,,,
https://twitter.com/jvsk3/status/452567394041348097,jvsk3,"RT @aap_activist: @AamAadmiParty sample not 'model'

http://t.co/KLiaZdMcqD

Corruption colluders scared of AAP coming to LS

@joinAAP @jvs","isupportaap ","Sat Apr 05 22:04:09 +0000 2014",,,,,
https://twitter.com/miss_301/status/452567401776041984,miss_301,"@MrsAsif2714 @usman2901 @JawadAsghar4 @maindesihoon  umeed hay k aap sab log b khairiat say hongay :-p",none,"Sat Apr 05 22:04:11 +0000 2014",,,,,
https://twitter.com/i_sidh/status/452567454204436480,i_sidh,"RT @aap_activist: @AamAadmiParty sample not 'model'

http://t.co/KLiaZdMcqD

Corruption colluders scared of AAP coming to LS

@joinAAP @jvs","isupportaap ","Sat Apr 05 22:04:24 +0000 2014",,,,,
https://twitter.com/assi_21/status/452567595313811456,assi_21,"@SuhairKhan1 aap kis jamaat mein parh tey hain? :O",none,"Sat Apr 05 22:04:57 +0000 2014",,,,,
https://twitter.com/ShahBazaade/status/452567763866091520,ShahBazaade,"@shahinmalikk @CasualSamiRabi Khala..abhi se hawa mein urr rahe ho aap..it is going be a good day with the bestieeeees for suree:D",none,"Sat Apr 05 22:05:37 +0000 2014",,,,,
https://twitter.com/namopraveen/status/452567790193737728,namopraveen,"RT @SustiSailor: Pujya shri kejriwal ji! :P
@Neera_26 @upma23 @gitithadani @BhateKetan @shagil_ @ @whatzzAAP @crazyabtsrk @Sabby186 http://",none,"Sat Apr 05 22:05:44 +0000 2014",,,,,
https://twitter.com/_AbhishekGhosh/status/452567821042864128,_AbhishekGhosh,"RT @ram_c2: @rahulroushan teach man how to fish and next day he will steal your boat. #kejriwal","kejriwal ","Sat Apr 05 22:05:51 +0000 2014",,,,,
https://twitter.com/Like_Bollywood/status/452567863493009409,Like_Bollywood,"@ArvindKejriwal @timesofindia  busy rehte hai FIR karne me kejriwal
Busy rehte hai FIR karne me kejriwal
Abki bari MODI SARKAR",none,"Sat Apr 05 22:06:01 +0000 2014",,,,,
https://twitter.com/miankhaliq/status/452567960859996160,miankhaliq,"@MalaikaSRaza aap tu sath hi hoti hain.. bad mien ker lani thi baat :)",none,"Sat Apr 05 22:06:24 +0000 2014",,,,,
https://twitter.com/drhouse00/status/452567991130267648,drhouse00,"@NakarOye hhahahahah aap to ghusa hi kar gaye ho :P",none,"Sat Apr 05 22:06:32 +0000 2014",,,,,
https://twitter.com/MirahSaqib28/status/452568018976268289,MirahSaqib28,"@Teh_Priya tumse kya poocho? aap k baare mein aap se bhi zada jaanti hun madam! Aap ki rag rag se waakif hun Miss. Priya Patel ",none,"Sat Apr 05 22:06:38 +0000 2014",,,,,
https://twitter.com/anjuranisharma/status/452568036554571776,anjuranisharma,"@omthanvi  Thanvi G, Suni hu ki aap bade DHAKAD Patrakar ho :D Kya Ye Sach Hai?",none,"Sat Apr 05 22:06:42 +0000 2014",,,,,
https://twitter.com/KaushalJain79/status/452568048197967872,KaushalJain79,"AAP supporters are considering congress out, so vote for aap. 2004-9 survey also showed bjp winning. u may b voting for 3rd congress term.",none,"Sat Apr 05 22:06:45 +0000 2014",,,,,
https://twitter.com/XMaartjelol/status/452568092242366464,XMaartjelol,"morgen naar fotoshoot met aap @xxkusslieke",none,"Sat Apr 05 22:06:56 +0000 2014",,,,,
https://twitter.com/ho_iram/status/452568241039495168,ho_iram,"@intangible_soni pher aik din aap.kay abu ki tabiyat thek nahe the...dr.sahab say aap.bat ker rahi then...",none,"Sat Apr 05 22:07:31 +0000 2014",,,,,
https://twitter.com/ShahidWahab6/status/452568307577520128,ShahidWahab6,"@saqi_official 
sir mein ek fast boollar ho awr aap ke academy mein aana chahta ho plz help me sir",none,"Sat Apr 05 22:07:47 +0000 2014",,,,,
https://twitter.com/ThinkHone/status/452568389060665344,ThinkHone,"@tajinderbagga @rahulkanwal @aap That's why muslims r looking @AAP. Ask PAK 2 handover Vaziristan &amp; NW Frontier Province 2 Baluch &amp; Pakhtuns",none,"Sat Apr 05 22:08:06 +0000 2014",,,,,
https://twitter.com/memon_ibrahim/status/452568483604475904,memon_ibrahim,"@intangible_soni @ho_iram Kitni achi hain aap :P
Me bhi apkay tweets parhta hun aur phr hafeez k retweet :P",none,"Sat Apr 05 22:08:29 +0000 2014",,,,,
https://twitter.com/Djjpn/status/452568510627995648,Djjpn,"RT @aap_activist: @AamAadmiParty sample not 'model'

http://t.co/KLiaZdMcqD

Corruption colluders scared of AAP coming to LS

@joinAAP @jvs","isupportaap ","Sat Apr 05 22:08:35 +0000 2014",,,,,
https://twitter.com/m_roelofs1/status/452568589753921537,m_roelofs1,"Die ava van die aap in mijn TL kan ik maar niet aan wennen",none,"Sat Apr 05 22:08:54 +0000 2014",,,,,
https://twitter.com/jeebhattijee111/status/452568624742801408,jeebhattijee111,"@family_sameera sameera ge aap mujse naraz ho?",none,"Sat Apr 05 22:09:03 +0000 2014",,,,,
https://twitter.com/ho_iram/status/452568703583158273,ho_iram,"@intangible_soni tab pata chala aap.ko#hypothyroidism hay..he is very nice dr.other day my mother got some cardiac issues..thx he did help",none,"Sat Apr 05 22:09:21 +0000 2014",,,,,
https://twitter.com/guptasumit220/status/452568725527347200,guptasumit220,"@NehaToteja but aap kisko vote karogi ?",none,"Sat Apr 05 22:09:27 +0000 2014",,,,,
https://twitter.com/rishitabeladia/status/452568745018286080,rishitabeladia,"@aakanksharanjan @JFUNDOO 'humne to apna dil nikal ke aapke samne rakh diya...kya pata tha ke aap to usse bs todane aai hai'",none,"Sat Apr 05 22:09:31 +0000 2014",,,,,
https://twitter.com/S_aryan_Arya/status/452568747740377088,S_aryan_Arya,"@attorneybharti Koi ho na ho, ye Shahab aap &amp; AAP ke sath hai, halanki sachchai sab jante hain lekin wikar karne ki himmat sab me nahi  hoti",none,"Sat Apr 05 22:09:32 +0000 2014",,,,,
https://twitter.com/ho_iram/status/452568922949439488,ho_iram,"@intangible_soni definitely aap.ho",none,"Sat Apr 05 22:10:14 +0000 2014",,,,,
https://twitter.com/GautamPW/status/452568987486797824,GautamPW,"@madnish30 you support aap only right?",none,"Sat Apr 05 22:10:29 +0000 2014",,,,,
https://twitter.com/keefe/status/452569039491960832,keefe,"not #model

httptcokliazdmcqd

corruption ##colluderz #scared of aap coming to ls

joinaap jvs the http://t.co/R2B56HjGh7","model colluderz scared ","Sat Apr 05 22:10:42 +0000 2014",,,,,
https://twitter.com/bestway2Masood/status/452569072777965568,bestway2Masood,"RT @KhurramRaajput: Dear @P_Musharraf 
Jeeeet aap ka Muqadar hai. Yeah ghadar kehnay walay khud zaleel u ruswa hoon gy bht jald. InshAllah
","musharraftreasoncase ","Sat Apr 05 22:10:49 +0000 2014",,,,,
https://twitter.com/xxkusslieke/status/452569135596457985,xxkusslieke,"RT @XMaartjelol: morgen naar fotoshoot met aap @xxkusslieke",none,"Sat Apr 05 22:11:04 +0000 2014",,,,,
https://twitter.com/intangible_soni/status/452569190067892224,intangible_soni,"RT @ho_iram: @intangible_soni definitely aap.ho",none,"Sat Apr 05 22:11:17 +0000 2014",,,,,
https://twitter.com/stuffednstarved/status/452569262792900608,stuffednstarved,"@Bhoolwerine aap sotey kyun nahi ",none,"Sat Apr 05 22:11:35 +0000 2014",,,,,
https://twitter.com/musakhann/status/452569475196661760,musakhann,"Bhen ji aap itna tez kiun bolti hain.",none,"Sat Apr 05 22:12:25 +0000 2014",,,,,
https://twitter.com/Ghatotkachhh/status/452569581094068224,Ghatotkachhh,"KhiKhiKhi = kejriwal wali hassi = (cough + laughing)",none,"Sat Apr 05 22:12:51 +0000 2014",,,,,
https://twitter.com/AsNiceAsYou/status/452569658290212864,AsNiceAsYou,"RT @Ghatotkachhh: KhiKhiKhi = kejriwal wali hassi = (cough + laughing)",none,"Sat Apr 05 22:13:09 +0000 2014",,,,,
https://twitter.com/unicorndelisi/status/452569720664100864,unicorndelisi,"@olyavostrikov sol taraftan saga dogru aap oluyo",none,"Sat Apr 05 22:13:24 +0000 2014",,,,,
https://twitter.com/Machetteee/status/452569804504068097,Machetteee,"@bibi_jainab @EmWatson or aap s time aise q kar rahe hain? #dies","dies ","Sat Apr 05 22:13:44 +0000 2014",,,,,
https://twitter.com/Mariaaaaam_/status/452569823638482945,Mariaaaaam_,"RT @FaisalQurashi11: @mariaaaaam_ mariaam g mujhe english nahi ati plz aap mujhse urdu ma bat karlo aap na itna msg kia mujhe sumjh nai ay.",none,"Sat Apr 05 22:13:48 +0000 2014",,,,,
https://twitter.com/ThinkHone/status/452569865644421120,ThinkHone,"@sanjay_dimpy @aap  Eye see !!  So I assume you are from anpadh media, right ?",none,"Sat Apr 05 22:13:58 +0000 2014",,,,,
https://twitter.com/nabilkhan91/status/452569887823908864,nabilkhan91,"@110HussainRizvi yeah =p arey aap tou meri hi Van me hotey hein na ? =p",none,"Sat Apr 05 22:14:04 +0000 2014",,,,,
https://twitter.com/nitinsachdeva22/status/452570031004475392,nitinsachdeva22,"RT @tweetfromRaghu: From the time aap has entered politics, cong &amp; BJP have been playing sorry against them (as usual) and spreading one li",none,"Sat Apr 05 22:14:38 +0000 2014",,,,,
https://twitter.com/besttfriendz/status/452570286563815424,besttfriendz,"@Mylife152 
Main teek hoon allah kai karam say...aap kaise hoon:))",none,"Sat Apr 05 22:15:39 +0000 2014",,,,,
https://twitter.com/xwaxen/status/452570506479562752,xwaxen,"@ShahzadxD aap larki hoottay to maaza bhi ata xP",none,"Sat Apr 05 22:16:31 +0000 2014",,,,,
https://twitter.com/Melissadegroot_/status/452570534795300864,Melissadegroot_,"Ik heb een aap als huisdier",none,"Sat Apr 05 22:16:38 +0000 2014",,,,,
https://twitter.com/bibi_jainab/status/452570538364637184,bibi_jainab,"@Machetteee @EmWatson jab aap iss time kukarh wali tweet ker saktay hain tou ye tou phir emma hai=p",none,"Sat Apr 05 22:16:39 +0000 2014",,,,,
https://twitter.com/SuroorRizvi/status/452570551882903552,SuroorRizvi,"@Haiderness beta urti urti rts mili hain k aap ne kafi chichorpan ka muzahira farmaya hai rishta e ma(iz)zahiya(dawaaj) ka.. ashirwad lelete",none,"Sat Apr 05 22:16:42 +0000 2014",,,,,
https://twitter.com/kifeshkykje_/status/452570558799290368,kifeshkykje_,"""@CousCousKoning: @kifeshkykje_ zeg is:(""kom app aap",none,"Sat Apr 05 22:16:44 +0000 2014",,,,,
https://twitter.com/enmew6qfHayter6/status/452570635869626369,enmew6qfHayter6,"anytime after this weekend aap boliye, kab milinge? besant nagar ke nilgiris bakery mei most of the time chote samose rehte",none,"Sat Apr 05 22:17:02 +0000 2014",,,,,
https://twitter.com/its_faran/status/452570666492239873,its_faran,"@AnnieNSheikh mera to thek ho gya tha but aap ka pata nhi :p",none,"Sat Apr 05 22:17:09 +0000 2014",,,,,
https://twitter.com/TalkingMainiac/status/452570669579268096,TalkingMainiac,"@Melissadegroot_: Ik heb een aap als huisdier same mn broer staat voor mij gelijk aan een aap",none,"Sat Apr 05 22:17:10 +0000 2014",,,,,
https://twitter.com/inolavelarde/status/452570751640821761,inolavelarde,"@saartesfaye gefeliciteerd aap",none,"Sat Apr 05 22:17:30 +0000 2014",,,,,
https://twitter.com/miss_301/status/452570938106998787,miss_301,"@usman2901 aap apni neend na aanay ki waja bataien @MrsAsif2714 @maindesihoon",none,"Sat Apr 05 22:18:14 +0000 2014",,,,,
https://twitter.com/iluvkushal/status/452570958415421440,iluvkushal,"Sitaro me aap, Hawao me aap, Fizao me
aap
Baharo me aap, Dhop me aap, Chaaon me aap
Sach hi suna hai ki buri aatmao ka koi
thikana nahi hota",none,"Sat Apr 05 22:18:19 +0000 2014",,,,,
https://twitter.com/verstopt/status/452570992221900800,verstopt,"@xFrom_Heaven: @verstopt ja of nee mawfvcker?ja aap ",none,"Sat Apr 05 22:18:27 +0000 2014",,,,,
https://twitter.com/pratap03223524/status/452571037587087360,pratap03223524,"let us list out how many doctors, mba grad, iit grad and well known cand we have in aap and compare these candi with BJP's and congress's",none,"Sat Apr 05 22:18:38 +0000 2014",,,,,
https://twitter.com/aqua_pri_0216/status/452571235080097793,aqua_pri_0216,"@VidyutJammwal Aaj aap thode se tired bhi ho gaye honge na? But I'm sure U also had lots of fun being judge &amp; being amidst talented ladies!",none,"Sat Apr 05 22:19:25 +0000 2014",,,,,
https://twitter.com/SheikhLarki/status/452571386650066945,SheikhLarki,"Haan bhai, aap bhy theek thaak chutiye hain.",none,"Sat Apr 05 22:20:01 +0000 2014",,,,,
https://twitter.com/verstopt/status/452571392291397632,verstopt,"@xFrom_Heaven: @verstopt isgoed ik zie je morgen dan Joh!okkki ookkkkii aap",none,"Sat Apr 05 22:20:02 +0000 2014",,,,,
https://twitter.com/ShahBazaade/status/452571430585372672,ShahBazaade,"@shahinmalikk @CasualSamiRabi Sami ji help kaha ho aap bhi..we might lose..because this two dangerous players :D",none,"Sat Apr 05 22:20:12 +0000 2014",,,,,
https://twitter.com/PkZahir/status/452571461765435392,PkZahir,"kiun waziristan gayi thi aap? Lol @Dashing_hbk: @PkZahir khushqismati se with...;)",none,"Sat Apr 05 22:20:19 +0000 2014",,,,,
https://twitter.com/MadMasterr/status/452571638085976064,MadMasterr,"RT @SheikhLarki: Haan bhai, aap bhy theek thaak chutiye hain.",none,"Sat Apr 05 22:21:01 +0000 2014",,,,,
https://twitter.com/saartesfaye/status/452571659271434240,saartesfaye,"RT @inolavelarde: @saartesfaye gefeliciteerd aap",none,"Sat Apr 05 22:21:06 +0000 2014",,,,,
https://twitter.com/gewoonromana/status/452571667395772417,gewoonromana,"@koningthom hey aap.",none,"Sat Apr 05 22:21:08 +0000 2014",,,,,
https://twitter.com/bjgandhi13/status/452571739839406080,bjgandhi13,"RT @rajputonrock: Amazing #AAP energy on the streets of Gondia!! #NCP clock will witness bad times ahead. @mayankgandhi04 @aapkipreeti http","aap ncp ","Sat Apr 05 22:21:25 +0000 2014",,,,,
https://twitter.com/Allpakdramapage/status/452571781987983360,Allpakdramapage,"aaj bari achi achi post ki full positive postings sab ki tareef ki hope aap logo ne bhi positive comments hi diye ho gaye ? :)",none,"Sat Apr 05 22:21:35 +0000 2014",,,,,
https://twitter.com/nadsk19/status/452571836904009728,nadsk19,"@chainacoffeemug hehehehehe sahi baat hai, ab tou aap bhi lift nahin karateen :(",none,"Sat Apr 05 22:21:48 +0000 2014",,,,,
https://twitter.com/muzaffarriaz/status/452571901622513664,muzaffarriaz,"Ye jo khud shikasta se hain Kehkahe, mere dil ko lagte hain bojh se.
woh jo apne aap mein mast ho mujhe uss hasi ki talash hai.",none,"Sat Apr 05 22:22:04 +0000 2014",,,,,
https://twitter.com/ShakiEsPerfecta/status/452571965011017729,ShakiEsPerfecta,"@AmirKingKhan Bhai aap mujhe kabhi bhi nahi reply karte ",none,"Sat Apr 05 22:22:19 +0000 2014",,,,,
https://twitter.com/khurrammalik20/status/452572001878962176,khurrammalik20,"Malaika Raza is properly milking that couple of minute's encounter with Imran khan. Madam aap khush ho Lein pics banwa ker hamaree Khair hai",none,"Sat Apr 05 22:22:28 +0000 2014",,,,,
https://twitter.com/bibi_jainab/status/452572054563606528,bibi_jainab,"@Machetteee @EmWatson ye dekh k aap dukhi tou nai huay hongay yaqeenan. Han thorri beqarari zaroor hui hogi",none,"Sat Apr 05 22:22:40 +0000 2014",,,,,
https://twitter.com/fatimaaodho/status/452572187124584448,fatimaaodho,"@abeer_nabi  Jamey aap ke bina Maza nai aa rha",none,"Sat Apr 05 22:23:12 +0000 2014",,,,,
https://twitter.com/ipsproperties/status/452572480822341632,ipsproperties,"RT @hukam_rawat: Arvind kejriwal Aam aadmi party Faridabad Road Show, http://t.co/IAHbN2KSwt",none,"Sat Apr 05 22:24:22 +0000 2014",,,,,
https://twitter.com/ShahBazaade/status/452572486123945984,ShahBazaade,"@shahinmalikk @CasualSamiRabi Forget it..lose ho hamare dushman..aap nahi haan :p par jeet toh pakki shabbu aur Sami ji ki hai..;)",none,"Sat Apr 05 22:24:23 +0000 2014",,,,,
https://twitter.com/_xAnnabel/status/452572491660423168,_xAnnabel,"@TalkingMainiac: @Melissadegroot_: Ik heb een aap als huisdier same mn broer staat voor mij gelijk aan een aap",none,"Sat Apr 05 22:24:25 +0000 2014",,,,,
https://twitter.com/memon_ibrahim/status/452572600359985152,memon_ibrahim,"@intangible_soni aap karden tu banta bhi hai :P
Aqalmand hoga jis ne ye idea diya",none,"Sat Apr 05 22:24:50 +0000 2014",,,,,
https://twitter.com/ashishupadhy007/status/452572747428679681,ashishupadhy007,"@sonakshisinha I'm ur biggest fan, i luv u alottt,..sapne m aap hi aati ho bs..",none,"Sat Apr 05 22:25:26 +0000 2014",,,,,
https://twitter.com/nabilkhan91/status/452572765493923840,nabilkhan91,"@lionel_federer arey mil lengy =p han Ali bhai se mulaqaat hui thi meri aaj =p bs aap reh gayin ;p",none,"Sat Apr 05 22:25:30 +0000 2014",,,,,
https://twitter.com/HaadeaP/status/452572837472403456,HaadeaP,"@sajjadmahessarr Phirse dou gay aap?",none,"Sat Apr 05 22:25:47 +0000 2014",,,,,
https://twitter.com/ashishupadhy007/status/452572996620652544,ashishupadhy007,"@sonakshisinha jis b din Mai bahot bada rapper bnunga ,,aap k upar jarur s song likhunga...god bless u...!!! Luuuv u alottt!!",none,"Sat Apr 05 22:26:25 +0000 2014",,,,,
https://twitter.com/SidLuvsZaya/status/452573214640979968,SidLuvsZaya,"@preetikatweets  nd @har1603 aap dono superb n fabulous together 
                 ",none,"Sat Apr 05 22:27:17 +0000 2014",,,,,
https://twitter.com/memon_ibrahim/status/452573222236868608,memon_ibrahim,"@intangible_soni Madam aap rakh len tu bunta hai :P
Troll nhn tha",none,"Sat Apr 05 22:27:19 +0000 2014",,,,,
https://twitter.com/xShaLisax/status/452573236984053760,xShaLisax,"Die aap is zeker al ko ",none,"Sat Apr 05 22:27:22 +0000 2014",,,,,
https://twitter.com/ManiChakr/status/452573463291899906,ManiChakr,"@BhateKetan going by his lang, he is eligible for a aap ticket to contest !  @tweetfromRaghu",none,"Sat Apr 05 22:28:16 +0000 2014",,,,,
https://twitter.com/xkleinaapje_/status/452573482363408385,xkleinaapje_,"@ootje999 kom app aap x",none,"Sat Apr 05 22:28:21 +0000 2014",4.74331092,52.71848418,,,
https://twitter.com/ipsproperties/status/452573502768676864,ipsproperties,"RT @rajputonrock: Amazing #AAP energy on the streets of Gondia!! #NCP clock will witness bad times ahead. @mayankgandhi04 @aapkipreeti http","aap ncp ","Sat Apr 05 22:28:26 +0000 2014",,,,,
https://twitter.com/saad2687/status/452573530258173953,saad2687,"@kamaalrkhan @Baby_KRK bhai jaan apka image spoil karnay k liye aap khud he kafi ho ... Lolz",none,"Sat Apr 05 22:28:32 +0000 2014",,,,,
https://twitter.com/Machetteee/status/452573551053508609,Machetteee,"@bibi_jainab @EmWatson yeh aap kaise batain kar rahe hain? murgha q murghi q nahe? :p",none,"Sat Apr 05 22:28:37 +0000 2014",,,,,
https://twitter.com/ShahBazaade/status/452573602937065472,ShahBazaade,"@shahinmalikk @CasualSamiRabi Hahah aap kehte hai jeet aapki hogi mein kehta hu jeet meri hogi..lol pehle 21st aane toh dijiye..:D",none,"Sat Apr 05 22:28:50 +0000 2014",,,,,
https://twitter.com/alimuha00064174/status/452573616668823552,alimuha00064174,"@walterWwhite sh ah g aap ainak k saath ziada descent lgtay ho. plz don't mind.",none,"Sat Apr 05 22:28:53 +0000 2014",,,,,
https://twitter.com/NeGress_93/status/452573636294377472,NeGress_93,"Chee aap ell veu qkkw ell !",none,"Sat Apr 05 22:28:57 +0000 2014",,,,,
https://twitter.com/bibi_jainab/status/452573694582587392,bibi_jainab,"@Machetteee @EmWatson kyunke murghi k peechay aap khud parr jayein ge=p",none,"Sat Apr 05 22:29:11 +0000 2014",,,,,
https://twitter.com/J_Xaidi/status/452573953438269440,J_Xaidi,"@Cheese_Pakora kya khoobsoorat baat ki hai aaj aap ne bilkul meri tarha ... Waah waah",none,"Sat Apr 05 22:30:13 +0000 2014",,,,,
https://twitter.com/aachershaikh/status/452573993716170753,aachershaikh,"@ishtiaq58511232 aap k sheikh sab aata bhaigty ho ya wo aap ko nwaz or shabaz jaisa mungta lgta hai.likhny sy phly soocha kro mr",none,"Sat Apr 05 22:30:23 +0000 2014",,,,,
https://twitter.com/drhouse00/status/452574064545386496,drhouse00,"@Nimmy_Nim @HeyIamOlaf nimra aap rakh lo but info to de deni chahiye thi na mujhe ;)",none,"Sat Apr 05 22:30:40 +0000 2014",,,,,
https://twitter.com/CallMeHummee/status/452574218426003456,CallMeHummee,"@shirin871 set :) aap?",none,"Sat Apr 05 22:31:16 +0000 2014",,,,,
https://twitter.com/mobyhump/status/452574229758607360,mobyhump,"@syedatifali
Bhai aap ghareeb Javed Akhtar ke sher ko Meer ka bata ke hamaari Urdu ki beizzati na karein...
@chainacoffeemug",none,"Sat Apr 05 22:31:19 +0000 2014",72.8984088,19.0715967,,,
https://twitter.com/Abhinavkumar70/status/452574254328844288,Abhinavkumar70,"@richaht @PrabhuChawla @narendramodi @NewIndianXpress haan to chill karo bhaiya! ro kyun rahi hain aap?u want to help him by removing them",none,"Sat Apr 05 22:31:25 +0000 2014",,,,,
https://twitter.com/BRYANCUIJK_/status/452574272624812032,BRYANCUIJK_,"@Boyanda__ wat is er aap",none,"Sat Apr 05 22:31:29 +0000 2014",,,,,
https://twitter.com/binodsinghppp/status/452574292417712129,binodsinghppp,"@jaavedjaaferi @minniemehrotra This is the best compliment for kejriwal #laaparwahaap","laaparwahaap ","Sat Apr 05 22:31:34 +0000 2014",,,,,
https://twitter.com/tahaahmed997/status/452574524622766080,tahaahmed997,"RT @syednadirfawwad: ~ Chutyaape Ki Logic Par Amal Kar K Aap Bhtt Jaldi Chutya Ban Skte Hain 
Shukria",none,"Sat Apr 05 22:32:29 +0000 2014",,,,,
https://twitter.com/SilentlyBeating/status/452574541609697281,SilentlyBeating,"@Ghatotkachhh or aap to har angle se smart hai vaise bhi :p",none,"Sat Apr 05 22:32:33 +0000 2014",,,,,
https://twitter.com/ThatUnitedLady/status/452574565076459520,ThatUnitedLady,"@Tomorrowcanw8_ Uncle maar khaaoge aap",none,"Sat Apr 05 22:32:39 +0000 2014",,,,,
https://twitter.com/bibi_jainab/status/452574611373568000,bibi_jainab,"@AZKhawaja aap kitne saal k hain, khawaja bhai?",none,"Sat Apr 05 22:32:50 +0000 2014",,,,,
https://twitter.com/drhouse00/status/452574620349366273,drhouse00,"@Nimmy_Nim @HeyIamOlaf haanji abb rakh lo aap apne pass :)",none,"Sat Apr 05 22:32:52 +0000 2014",,,,,
https://twitter.com/waleednasir00/status/452574764515991552,waleednasir00,"@drhouse00 hahaha itne aap seedhay, sabah ko pata ho ga, kyun @HeyIamOlaf",none,"Sat Apr 05 22:33:26 +0000 2014",,,,,
https://twitter.com/sanjika4/status/452574772707082240,sanjika4,"@ViratGang @imVkohli @YUVSTRONG12 yuvi paji aap to bade strong yar.",none,"Sat Apr 05 22:33:28 +0000 2014",,,,,
https://twitter.com/Askari_H/status/452574801002242048,Askari_H,"@DR_SHAHID Doctor sb, aap ne Muskura song suna hai?",none,"Sat Apr 05 22:33:35 +0000 2014",,,,,
https://twitter.com/Machetteee/status/452574940974575616,Machetteee,"@bibi_jainab @EmWatson han leken aap ne wo mohawra nai suna k ""qismat or bathroom ka darwaza kahe bhi kabhi bhi khul sacta hai "" :p",none,"Sat Apr 05 22:34:09 +0000 2014",,,,,
https://twitter.com/Tomorrowcanw8_/status/452574976055324672,Tomorrowcanw8_,"@ThatUnitedLady Buddhi dadi aap mukka khaoge 3:)",none,"Sat Apr 05 22:34:17 +0000 2014",,,,,
https://twitter.com/mehdi_mustafa/status/452574994464505856,mehdi_mustafa,"@klaashinkof Khush kiya Major sahab. Kya humari terha aap ka watan bhe Lahore hai?",none,"Sat Apr 05 22:34:21 +0000 2014",,,,,
https://twitter.com/Naaaj__/status/452575144465428480,Naaaj__,"@_IliaasRB wat is er aap",none,"Sat Apr 05 22:34:57 +0000 2014",,,,,
https://twitter.com/Nisar1211/status/452575161334906880,Nisar1211,"@isha340 @ammarykmusic sry wo post samjh k yaha rep kardiya aap uski tarif q karahi ho? :@",none,"Sat Apr 05 22:35:01 +0000 2014",,,,,
https://twitter.com/aachershaikh/status/452575182038007808,aachershaikh,"@najamsethi aap sharif family k ustad ho ya shagrd",none,"Sat Apr 05 22:35:06 +0000 2014",,,,,
https://twitter.com/Binni_badshah/status/452575202413539328,Binni_badshah,"RT @hmworldtravel: #Sanjay Singh #kejriwal g ko koi offer nahin aayee Varanasi se hatne ki","sanjay kejriwal ","Sat Apr 05 22:35:11 +0000 2014",,,,,
